date,quarter,department,day,team,targeted_productivity,smv,wip,over_time,incentive,idle_time,idle_men,no_of_style_change,no_of_workers,actual_productivity,MeetsTarget,overtime_per_worker
3/11/2015,Quarter2,sweing,Wednesday,8,0.7,30.48,0.7501350012431678,6840,30,0.0,0,1,57.0,0.700505263,1,120.0
2/2/2015,Quarter1,finishing,Monday,1,0.75,3.94,,2280,0,0.0,0,0,19.0,0.504596491,0,120.0
1/5/2015,Quarter1,finishing,Monday,10,0.75,2.9,,960,0,0.0,0,0,8.0,0.763375,1,120.0
2/12/2015,Quarter2,finishing,Thursday,4,0.7,4.15,,1800,0,0.0,0,0,15.0,1.096633333,1,120.0
1/8/2015,Quarter2,sweing,Thursday,12,0.8,11.61,0.7395216827781638,15120,63,0.0,0,0,31.5,0.800107143,1,480.0
1/18/2015,Quarter3,sweing,Sunday,5,0.6,20.4,0.7524862681946519,10440,30,0.0,0,0,58.0,0.600062696,1,180.0
2/8/2015,Quarter2,finishing,Sunday,9,0.8,3.94,,960,0,0.0,0,0,8.0,0.607416667,0,120.0
2/25/2015,Quarter4,sweing,Wednesday,3,0.75,29.4,0.756623593952739,6960,45,0.0,0,2,58.0,0.750206897,1,120.0
1/5/2015,Quarter1,finishing,Monday,4,0.8,3.94,,3840,0,0.0,0,0,16.0,0.893663194,1,240.0
1/8/2015,Quarter2,finishing,Thursday,10,0.75,3.94,,1440,0,0.0,0,0,8.0,0.779791667,1,180.0
2/1/2015,Quarter1,finishing,Sunday,8,0.65,4.15,,960,0,0.0,0,0,8.0,1.0115625,1,120.0
3/4/2015,Quarter1,finishing,Wednesday,4,0.7,3.94,,960,0,0.0,0,0,8.0,0.806058333,1,120.0
1/21/2015,Quarter3,sweing,Wednesday,3,0.7,22.52,0.7543916196792759,10260,63,0.0,0,0,57.0,0.750068049,1,180.0
1/8/2015,Quarter2,sweing,Thursday,6,0.8,11.41,0.7330576874348659,14640,50,0.0,0,0,30.5,0.800024932,1,480.0
2/18/2015,Quarter3,finishing,Wednesday,3,0.5,5.13,,960,0,0.0,0,0,8.0,0.2565,0,120.0
2/18/2015,Quarter3,sweing,Wednesday,1,0.8,22.52,0.7578867675309992,3960,63,0.0,0,0,57.0,0.800279693,1,69.47368421052632
1/13/2015,Quarter2,sweing,Tuesday,7,0.8,25.9,0.7541738424489881,10170,60,0.0,0,0,56.5,0.850136766,1,180.0
1/18/2015,Quarter3,sweing,Sunday,12,0.8,26.87,0.7409375052530368,5670,56,0.0,0,0,31.5,0.662255892,0,180.0
1/15/2015,Quarter3,sweing,Thursday,7,0.8,25.9,0.7565946551452046,10170,60,0.0,0,0,56.5,0.850136766,1,180.0
2/26/2015,Quarter4,finishing,Thursday,6,0.75,2.9,,3360,0,0.0,0,0,8.0,0.271875,0,420.0
1/28/2015,Quarter4,finishing,Wednesday,11,0.5,2.9,,960,0,0.0,0,0,8.0,0.259375,0,120.0
1/22/2015,Quarter4,finishing,Thursday,3,0.7,3.94,,12000,0,0.0,0,0,20.0,0.460578704,0,600.0
2/2/2015,Quarter1,finishing,Monday,10,0.8,3.94,,1200,0,0.0,0,0,10.0,0.85695,1,120.0
2/4/2015,Quarter1,sweing,Wednesday,5,0.65,30.1,0.7275594732958632,5820,0,90.0,10,0,58.5,0.650834808,1,99.48717948717949
2/18/2015,Quarter3,finishing,Wednesday,8,0.7,5.13,,960,0,0.0,0,0,8.0,0.58,0,120.0
2/12/2015,Quarter2,sweing,Thursday,8,0.65,30.1,0.7552657730124316,7080,0,0.0,0,1,59.0,0.463403955,0,120.0
3/7/2015,Quarter1,sweing,Saturday,12,0.8,15.26,0.7516212791298582,4080,75,0.0,0,0,34.0,0.850520588,1,120.0
2/2/2015,Quarter1,sweing,Monday,6,0.7,18.79,0.7711864363160997,3960,30,0.0,0,0,33.0,0.700354545,1,120.0
2/24/2015,Quarter4,sweing,Tuesday,7,0.75,30.1,0.7458535182618703,5640,45,0.0,0,1,59.0,0.750727326,1,95.59322033898304
2/14/2015,Quarter2,sweing,Saturday,8,0.7,30.1,0.7480684678456296,5160,0,0.0,0,1,60.0,0.700206125,1,86.0
2/3/2015,Quarter1,sweing,Tuesday,4,0.8,22.52,0.7285777869300112,5460,63,0.0,0,0,56.5,0.800434622,1,96.63716814159292
1/17/2015,Quarter3,finishing,Saturday,7,0.8,2.9,,1440,0,0.0,0,0,8.0,0.661837121,0,180.0
2/5/2015,Quarter1,sweing,Thursday,6,0.7,18.79,0.7465886979615924,2760,30,0.0,0,0,33.0,0.700079032,1,83.63636363636364
2/18/2015,Quarter3,sweing,Wednesday,7,0.75,30.1,0.7397196198497987,2280,45,0.0,0,1,59.0,0.75053268,1,38.644067796610166
2/12/2015,Quarter2,sweing,Thursday,6,0.8,18.79,0.7469317298457998,3960,0,0.0,0,0,33.0,0.688017677,0,120.0
1/3/2015,Quarter1,finishing,Saturday,7,0.8,3.94,,960,0,0.0,0,0,8.0,0.6253125,0,120.0
1/3/2015,Quarter1,sweing,Saturday,6,0.8,25.9,0.7546064769332632,6720,50,0.0,0,0,56.0,0.800125,1,120.0
1/14/2015,Quarter2,finishing,Wednesday,5,0.65,4.15,,1440,0,0.0,0,0,15.0,0.864583333,1,96.0
1/25/2015,Quarter4,sweing,Sunday,10,0.75,22.52,0.7583982803055739,10080,69,0.0,0,0,56.0,0.800020563,1,180.0
1/8/2015,Quarter2,sweing,Thursday,2,0.8,28.08,0.7470359067578969,10050,63,0.0,0,0,58.5,0.800497246,1,171.7948717948718
2/28/2015,Quarter4,sweing,Saturday,12,0.8,15.26,0.7552815174947474,1700,62,0.0,0,0,34.0,0.800260821,1,50.0
2/18/2015,Quarter3,sweing,Wednesday,11,0.7,11.41,0.7442819693577616,3360,30,0.0,0,2,56.0,0.8211125,1,60.0
1/1/2015,Quarter1,sweing,Thursday,12,0.8,11.41,0.7512620775085305,3660,50,0.0,0,0,30.5,0.800570492,1,120.0
2/3/2015,Quarter1,sweing,Tuesday,3,0.8,22.52,0.7539359617200339,6840,100,0.0,0,0,57.0,0.950185965,1,120.0
2/14/2015,Quarter2,finishing,Saturday,9,0.8,3.94,,960,0,0.0,0,0,8.0,0.238041667,0,120.0
3/3/2015,Quarter1,sweing,Tuesday,3,0.8,29.4,0.7546720106363709,6840,50,0.0,0,0,57.0,0.800333333,1,120.0
1/22/2015,Quarter4,finishing,Thursday,4,0.75,4.3,,9000,0,0.0,0,0,15.0,0.670216049,0,600.0
2/17/2015,Quarter3,sweing,Tuesday,7,0.7,30.1,0.7400705433712848,840,30,0.0,0,1,59.0,0.700888203,1,14.23728813559322
2/3/2015,Quarter1,finishing,Tuesday,12,0.8,4.08,,1080,0,0.0,0,0,9.0,0.778222222,0,120.0
2/24/2015,Quarter4,sweing,Tuesday,3,0.75,29.4,0.7549314901079707,5340,45,0.0,0,2,60.0,0.750176991,1,89.0
2/24/2015,Quarter4,finishing,Tuesday,3,0.8,4.6,,1440,0,0.0,0,0,12.0,0.811388889,1,120.0
1/22/2015,Quarter4,finishing,Thursday,7,0.6,3.94,,6000,0,0.0,0,0,10.0,0.957638889,1,600.0
3/4/2015,Quarter1,sweing,Wednesday,2,0.5,15.28,0.7220141615077553,5520,0,0.0,0,1,46.0,0.404144928,0,120.0
1/6/2015,Quarter1,sweing,Tuesday,11,0.75,19.31,0.7411205647409996,9900,45,0.0,0,0,55.0,0.750057851,1,180.0
2/5/2015,Quarter1,sweing,Thursday,4,0.5,30.1,0.733392664496071,6360,23,0.0,0,1,53.0,0.500720126,1,120.0
3/10/2015,Quarter2,sweing,Tuesday,6,0.7,23.41,0.7550596644919186,4560,30,0.0,0,1,38.0,0.700246491,1,120.0
1/27/2015,Quarter4,sweing,Tuesday,10,0.8,22.52,0.7543082087905746,6720,70,0.0,0,0,56.0,0.900129762,1,120.0
2/16/2015,Quarter3,sweing,Monday,9,0.6,18.79,0.7654016881545819,5400,0,0.0,0,1,54.0,0.329964879,0,100.0
3/4/2015,Quarter1,sweing,Wednesday,12,0.8,15.26,0.7511202415333994,4080,50,0.0,0,0,34.0,0.800401961,1,120.0
2/16/2015,Quarter3,sweing,Monday,3,0.65,30.1,0.7563317826486343,600,63,0.0,0,1,58.0,0.802243319,1,10.344827586206897
3/11/2015,Quarter2,sweing,Wednesday,10,0.75,21.82,0.7614426149633778,6000,34,0.0,0,0,50.0,0.750608,1,120.0
1/13/2015,Quarter2,sweing,Tuesday,6,0.8,11.61,0.7519727848721768,5670,50,0.0,0,0,31.5,0.800246753,1,180.0
2/10/2015,Quarter2,finishing,Tuesday,12,0.8,4.08,,1080,0,0.0,0,0,9.0,1.004888889,1,120.0
1/31/2015,Quarter5,finishing,Saturday,4,0.8,3.94,,1200,0,0.0,0,0,10.0,0.971866667,1,120.0
2/16/2015,Quarter3,finishing,Monday,3,0.5,4.15,,960,0,0.0,0,0,8.0,0.864583333,1,120.0
1/24/2015,Quarter4,finishing,Saturday,11,0.75,4.15,,1800,0,0.0,0,0,10.0,0.896022727,1,180.0
1/5/2015,Quarter1,finishing,Monday,9,0.8,2.9,,1920,0,0.0,0,0,8.0,0.820833333,1,240.0
1/5/2015,Quarter1,finishing,Monday,2,0.8,3.94,,960,0,0.0,0,0,8.0,0.804416667,1,120.0
1/28/2015,Quarter4,sweing,Wednesday,8,0.7,38.09,0.7282921247863775,6240,0,0.0,0,0,52.0,0.467693269,0,120.0
1/12/2015,Quarter2,sweing,Monday,11,0.65,12.52,0.7519727848721768,9540,44,0.0,0,0,53.0,0.64998056,0,180.0
1/1/2015,Quarter1,sweing,Thursday,5,0.8,11.41,0.7437563233591077,3660,50,0.0,0,0,30.5,0.707045902,0,120.0
3/1/2015,Quarter1,finishing,Sunday,8,0.75,4.6,,3360,0,0.0,0,0,8.0,0.813611111,1,420.0
2/7/2015,Quarter1,finishing,Saturday,6,0.75,2.9,,960,0,0.0,0,0,8.0,0.845833333,1,120.0
1/18/2015,Quarter3,finishing,Sunday,5,0.6,4.15,,1440,0,0.0,0,0,8.0,0.852793561,1,180.0
1/24/2015,Quarter4,finishing,Saturday,4,0.75,4.3,,2160,0,0.0,0,0,12.0,0.651515152,0,180.0
2/14/2015,Quarter2,finishing,Saturday,12,0.8,4.08,,1080,0,0.0,0,0,9.0,0.800888889,1,120.0
3/7/2015,Quarter1,sweing,Saturday,10,0.7,21.82,0.7561540658048549,6000,30,0.0,0,0,50.0,0.700422,1,120.0
2/10/2015,Quarter2,finishing,Tuesday,9,0.8,3.94,,960,0,0.0,0,0,8.0,0.6895,0,120.0
3/8/2015,Quarter2,sweing,Sunday,5,0.5,26.82,0.7450564410032798,7080,23,0.0,0,1,59.0,0.500033898,1,120.0
1/28/2015,Quarter4,sweing,Wednesday,6,0.35,18.79,0.7379859796933045,1800,23,0.0,0,0,32.0,0.437995338,1,56.25
3/1/2015,Quarter1,sweing,Sunday,9,0.75,18.79,0.7497194848683355,6240,34,0.0,0,0,52.0,0.750395513,1,120.0
2/1/2015,Quarter1,sweing,Sunday,6,0.65,18.79,0.7494065471744502,3960,26,0.0,0,0,33.0,0.651007071,1,120.0
1/26/2015,Quarter4,finishing,Monday,1,0.7,3.94,,1800,0,0.0,0,0,10.0,0.910378788,1,180.0
3/8/2015,Quarter2,sweing,Sunday,12,0.8,15.26,0.7530926339205732,4080,63,0.0,0,0,34.0,0.800401961,1,120.0
2/15/2015,Quarter3,sweing,Sunday,7,0.7,30.1,0.7494065471744502,7080,0,0.0,0,1,59.0,0.700632768,1,120.0
1/26/2015,Quarter4,finishing,Monday,4,0.75,4.3,,2160,0,0.0,0,0,12.0,0.963699495,1,180.0
1/15/2015,Quarter3,sweing,Thursday,4,0.65,22.52,0.7492022336102895,10080,26,0.0,0,0,56.0,0.650130952,1,180.0
2/7/2015,Quarter1,sweing,Saturday,12,0.8,15.26,0.7522979678533435,4080,63,0.0,0,0,34.0,0.800401961,1,120.0
1/13/2015,Quarter2,sweing,Tuesday,10,0.35,22.4,0.745172583546153,10170,23,0.0,0,0,56.5,0.35020649,1,180.0
2/1/2015,Quarter1,sweing,Sunday,12,0.75,15.26,0.7565220742950716,1440,45,0.0,0,0,35.0,0.750450658,1,41.142857142857146
1/1/2015,Quarter1,sweing,Thursday,11,0.8,11.41,0.7512620775085305,3660,50,0.0,0,0,30.5,0.800570492,1,120.0
1/1/2015,Quarter1,finishing,Thursday,2,0.75,3.94,,960,0,0.0,0,0,8.0,0.755166667,1,120.0
1/18/2015,Quarter3,sweing,Sunday,11,0.65,14.89,0.7544082498929217,10260,44,0.0,0,0,57.0,0.650299575,1,180.0
3/9/2015,Quarter2,sweing,Monday,10,0.7,21.82,0.7603694824554608,6000,30,0.0,0,0,50.0,0.700422,1,120.0
1/24/2015,Quarter4,finishing,Saturday,9,0.6,3.94,,1440,0,0.0,0,0,8.0,0.261174242,0,180.0
3/4/2015,Quarter1,finishing,Wednesday,8,0.8,4.6,,960,0,0.0,0,0,8.0,0.930416667,1,120.0
1/12/2015,Quarter2,finishing,Monday,10,0.8,3.94,,1440,0,0.0,0,0,8.0,0.24625,0,180.0
1/28/2015,Quarter4,finishing,Wednesday,6,0.35,2.9,,1800,0,0.0,0,0,15.0,0.977555556,1,120.0
1/3/2015,Quarter1,sweing,Saturday,12,0.8,26.16,0.7485501859579347,7080,63,0.0,0,0,59.0,0.800318644,1,120.0
3/10/2015,Quarter2,sweing,Tuesday,10,0.75,21.82,0.7594697595399743,6000,34,0.0,0,0,50.0,0.750608,1,120.0
2/3/2015,Quarter1,finishing,Tuesday,8,0.7,4.15,,960,0,0.0,0,0,8.0,0.976979167,1,120.0
1/21/2015,Quarter3,sweing,Wednesday,2,0.7,22.94,0.7585139624028929,10500,60,0.0,0,0,57.0,0.800415742,1,184.21052631578948
3/10/2015,Quarter2,sweing,Tuesday,1,0.75,26.82,0.7603467717238326,7080,75,0.0,0,0,59.0,0.900061017,1,120.0
1/26/2015,Quarter4,finishing,Monday,7,0.65,3.94,,1440,0,0.0,0,0,8.0,0.646306818,0,180.0
1/26/2015,Quarter4,sweing,Monday,9,0.7,29.12,0.7544580372072655,10440,40,0.0,0,0,58.0,0.70061442,1,180.0
2/12/2015,Quarter2,sweing,Thursday,1,0.8,22.52,0.7581904650188446,0,138,0.0,0,0,57.0,1.100483918,1,0.0
1/31/2015,Quarter5,sweing,Saturday,4,0.8,22.52,0.7586414913165481,6660,88,0.0,0,0,57.5,0.900537069,1,115.82608695652173
3/3/2015,Quarter1,sweing,Tuesday,2,0.4,15.28,0.7082242840862383,5400,0,6.5,30,1,45.0,0.30277037,0,120.0
3/2/2015,Quarter1,finishing,Monday,7,0.8,4.6,,3360,0,0.0,0,0,8.0,0.342361111,0,420.0
1/14/2015,Quarter2,finishing,Wednesday,10,0.8,3.94,,1260,0,0.0,0,0,8.0,0.332359307,0,157.5
1/17/2015,Quarter3,finishing,Saturday,8,0.8,2.9,,1440,0,0.0,0,0,8.0,0.675568182,0,180.0
1/3/2015,Quarter1,sweing,Saturday,3,0.8,28.08,0.7501133888044963,6540,50,0.0,0,0,54.5,0.800322936,1,120.0
1/19/2015,Quarter3,sweing,Monday,12,0.35,15.26,0.7539188347913564,6120,23,0.0,0,0,34.0,0.35021836,1,180.0
2/19/2015,Quarter3,sweing,Thursday,6,0.75,18.79,0.7498078279522937,3960,56,0.0,0,0,33.0,0.75065101,1,120.0
1/4/2015,Quarter1,sweing,Sunday,8,0.8,25.9,0.7526353567089923,6780,45,0.0,0,0,56.5,0.850345133,1,120.0
1/19/2015,Quarter3,finishing,Monday,4,0.7,4.3,,5040,0,0.0,0,0,28.0,0.977272727,1,180.0
1/7/2015,Quarter1,sweing,Wednesday,1,0.8,26.16,0.7550436989453019,10620,75,0.0,0,0,59.0,0.850502311,1,180.0
2/16/2015,Quarter3,sweing,Monday,6,0.75,18.79,0.7497194848683355,3960,0,0.0,0,0,33.0,0.75065101,1,120.0
1/4/2015,Quarter1,sweing,Sunday,3,0.75,19.87,0.7457138552360976,6600,45,0.0,0,0,55.0,0.75024303,1,120.0
3/8/2015,Quarter2,sweing,Sunday,1,0.75,26.82,0.756198683073014,6960,65,0.0,0,0,58.0,0.85007069,1,120.0
1/12/2015,Quarter2,finishing,Monday,11,0.8,4.15,,1440,0,0.0,0,0,8.0,0.640577652,0,180.0
1/7/2015,Quarter1,sweing,Wednesday,10,0.75,28.08,0.7544745986471386,10530,69,0.0,0,0,58.5,0.8,1,180.0
2/1/2015,Quarter1,finishing,Sunday,6,0.6,2.9,,1200,0,0.0,0,0,10.0,0.314166667,0,120.0
2/28/2015,Quarter4,sweing,Saturday,7,0.8,30.1,0.7429863382616483,840,38,0.0,0,1,59.0,0.799982853,0,14.23728813559322
2/5/2015,Quarter1,sweing,Thursday,10,0.8,22.52,0.7526353567089923,6720,113,0.0,0,0,56.0,0.999995238,1,120.0
1/5/2015,Quarter1,sweing,Monday,6,0.8,11.61,0.7450855496998691,7200,50,0.0,0,0,32.0,0.800246011,1,225.0
2/4/2015,Quarter1,finishing,Wednesday,2,0.8,3.94,,2160,0,0.0,0,0,18.0,0.966759259,1,120.0
2/12/2015,Quarter2,sweing,Thursday,7,0.65,30.1,0.7500266569066945,7080,0,0.0,0,1,59.0,0.535677966,0,120.0
2/26/2015,Quarter4,finishing,Thursday,2,0.7,3.9,,960,0,0.0,0,0,8.0,0.5565625,0,120.0
1/24/2015,Quarter4,finishing,Saturday,1,0.7,3.94,,1440,0,0.0,0,0,8.0,0.578314394,0,180.0
2/23/2015,Quarter4,finishing,Monday,12,0.8,5.13,,1080,0,0.0,0,0,9.0,0.9025,1,120.0
2/15/2015,Quarter3,sweing,Sunday,4,0.75,30.1,0.7502426436193843,7140,0,0.0,0,1,59.5,0.598627451,0,120.0
2/12/2015,Quarter2,finishing,Thursday,9,0.8,3.94,,960,0,0.0,0,0,8.0,0.656666667,0,120.0
3/3/2015,Quarter1,sweing,Tuesday,9,0.75,18.79,0.7536597202693117,6240,34,0.0,0,0,52.0,0.750395513,1,120.0
1/25/2015,Quarter4,sweing,Sunday,2,0.75,22.94,0.7610354803105597,10530,81,0.0,0,0,58.5,0.850223776,1,180.0
1/28/2015,Quarter4,sweing,Wednesday,4,0.8,22.52,0.7574541194577425,6780,50,0.0,0,0,56.5,0.800489676,1,120.0
1/19/2015,Quarter3,sweing,Monday,2,0.7,22.94,0.7520113792683827,10170,38,0.0,0,0,56.5,0.750517565,1,180.0
2/24/2015,Quarter4,finishing,Tuesday,11,0.7,2.9,,960,0,0.0,0,0,8.0,0.5046875,0,120.0
1/18/2015,Quarter3,sweing,Sunday,1,0.8,49.1,0.7579798273847359,10350,24,0.0,0,0,57.5,0.403242161,0,180.0
2/4/2015,Quarter1,sweing,Wednesday,4,0.35,30.1,0.7244157694192165,6060,23,150.0,15,0,55.5,0.350706422,1,109.1891891891892
2/17/2015,Quarter3,sweing,Tuesday,10,0.65,18.22,0.7459090679278397,0,0,8.0,35,1,49.0,0.302117347,0,0.0
1/31/2015,Quarter5,finishing,Saturday,12,0.75,4.08,,1080,0,0.0,0,0,9.0,0.971866667,1,120.0
2/17/2015,Quarter3,finishing,Tuesday,12,0.8,5.13,,1080,0,0.0,0,0,9.0,0.9025,1,120.0
1/25/2015,Quarter4,sweing,Sunday,3,0.75,22.52,0.7594215432921756,10350,55,0.0,0,0,57.5,0.800513307,1,180.0
2/11/2015,Quarter2,sweing,Wednesday,2,0.8,22.52,0.7601523508094193,0,90,0.0,0,0,57.5,1.000344928,1,0.0
1/4/2015,Quarter1,finishing,Sunday,11,0.75,4.15,,960,0,0.0,0,0,8.0,0.345833333,0,120.0
2/25/2015,Quarter4,finishing,Wednesday,2,0.7,3.9,,960,0,0.0,0,0,8.0,0.440375,0,120.0
1/6/2015,Quarter1,sweing,Tuesday,2,0.8,28.08,0.7452014979171028,10350,50,0.0,0,0,57.5,0.800594466,1,180.0
2/19/2015,Quarter3,finishing,Thursday,2,0.8,5.13,,3600,0,0.0,0,0,15.0,0.710125,0,240.0
3/7/2015,Quarter1,finishing,Saturday,4,0.7,3.94,,960,0,0.0,0,0,8.0,0.664875,0,120.0
1/20/2015,Quarter3,finishing,Tuesday,11,0.7,4.15,,2700,0,0.0,0,0,15.0,0.362666667,0,180.0
2/25/2015,Quarter4,sweing,Wednesday,4,0.8,30.1,0.7273343236951555,4080,50,0.0,0,1,59.0,0.800808642,1,69.15254237288136
1/17/2015,Quarter3,finishing,Saturday,10,0.8,3.94,,1440,0,0.0,0,0,8.0,0.974621212,1,180.0
2/9/2015,Quarter2,sweing,Monday,9,0.8,29.12,0.7532541474007816,6960,50,0.0,0,0,58.0,0.799963218,0,120.0
2/8/2015,Quarter2,finishing,Sunday,12,0.8,4.08,,1080,0,0.0,0,0,9.0,0.891555556,1,120.0
1/21/2015,Quarter3,sweing,Wednesday,10,0.7,22.52,0.7554692448083276,10080,75,0.0,0,0,56.0,0.800020563,1,180.0
2/17/2015,Quarter3,sweing,Tuesday,1,0.8,22.52,0.7588057203730936,6840,113,0.0,0,0,57.0,1.000230409,1,120.0
2/1/2015,Quarter1,finishing,Sunday,1,0.75,3.94,,2280,0,0.0,0,0,19.0,0.950438596,1,120.0
2/8/2015,Quarter2,sweing,Sunday,5,0.7,30.1,0.7462658321690193,7020,0,0.0,0,0,58.5,0.700618234,1,120.0
1/29/2015,Quarter5,finishing,Thursday,10,0.8,3.94,,1200,0,0.0,0,0,10.0,0.85695,1,120.0
2/11/2015,Quarter2,sweing,Wednesday,5,0.75,30.1,0.7471652391433015,7380,56,0.0,0,0,59.5,0.750406233,1,124.03361344537815
1/11/2015,Quarter2,sweing,Sunday,2,0.8,28.08,0.7475977597639265,10530,63,0.0,0,0,58.5,0.8,1,180.0
2/25/2015,Quarter4,finishing,Wednesday,12,0.8,4.6,,1800,0,0.0,0,0,15.0,0.899555556,1,120.0
2/12/2015,Quarter2,finishing,Thursday,2,0.8,3.94,,2160,0,0.0,0,0,18.0,0.601944444,0,120.0
1/7/2015,Quarter1,finishing,Wednesday,4,0.8,3.94,,4440,0,0.0,0,0,18.0,0.827186544,1,246.66666666666666
1/21/2015,Quarter3,finishing,Wednesday,11,0.7,4.15,,2700,0,0.0,0,0,9.0,0.470769231,0,300.0
1/14/2015,Quarter2,finishing,Wednesday,4,0.35,4.3,,2700,0,0.0,0,0,8.0,0.908080808,1,337.5
2/26/2015,Quarter4,finishing,Thursday,3,0.8,4.6,,6300,0,0.0,0,0,15.0,0.921703704,1,420.0
3/2/2015,Quarter1,sweing,Monday,6,0.75,18.79,0.7508328547789931,2880,34,0.0,0,0,33.0,0.750797009,1,87.27272727272727
2/3/2015,Quarter1,sweing,Tuesday,9,0.75,29.12,0.7532004883983864,6960,34,0.0,0,0,58.0,0.750593103,1,120.0
3/11/2015,Quarter2,finishing,Wednesday,10,0.75,2.9,,960,0,0.0,0,0,8.0,0.628333333,0,120.0
2/11/2015,Quarter2,sweing,Wednesday,12,0.8,15.26,0.7487859767509172,4080,50,0.0,0,0,34.0,0.800401961,1,120.0
1/15/2015,Quarter3,finishing,Thursday,1,0.8,3.94,,1440,0,0.0,0,0,8.0,0.884261364,1,180.0
1/28/2015,Quarter4,sweing,Wednesday,2,0.8,22.52,0.7601753530241138,6840,90,0.0,0,0,57.0,1.000230409,1,120.0
3/10/2015,Quarter2,finishing,Tuesday,11,0.8,2.9,,960,0,0.0,0,0,8.0,0.758229167,0,120.0
1/20/2015,Quarter3,sweing,Tuesday,8,0.8,25.9,0.7586668712969519,10170,50,0.0,0,0,56.5,0.800128721,1,180.0
2/8/2015,Quarter2,sweing,Sunday,9,0.8,29.12,0.7500266569066945,6960,50,0.0,0,0,58.0,0.799963218,0,120.0
2/1/2015,Quarter1,finishing,Sunday,10,0.8,3.94,,1200,0,0.0,0,0,10.0,0.8865,1,120.0
3/2/2015,Quarter1,sweing,Monday,1,0.65,26.66,0.759803091650556,6840,65,0.0,0,0,57.0,0.800579532,1,120.0
1/11/2015,Quarter2,sweing,Sunday,10,0.8,28.08,0.7464817505224712,10530,38,0.0,0,0,58.5,0.8,1,180.0
1/8/2015,Quarter2,sweing,Thursday,3,0.8,19.87,0.748856073895923,9900,50,0.0,0,0,55.0,0.800273829,1,180.0
3/10/2015,Quarter2,finishing,Tuesday,9,0.75,2.9,,1800,0,0.0,0,0,15.0,0.821666667,1,120.0
2/14/2015,Quarter2,sweing,Saturday,7,0.7,30.1,0.7510386407229401,7200,0,0.0,0,1,60.0,0.602,0,120.0
3/8/2015,Quarter2,finishing,Sunday,5,0.5,3.94,,960,0,0.0,0,0,8.0,0.857916667,1,120.0
1/5/2015,Quarter1,finishing,Monday,7,0.8,3.94,,960,0,0.0,0,0,8.0,0.676666667,0,120.0
1/28/2015,Quarter4,sweing,Wednesday,5,0.6,20.79,0.7527462832336184,6960,88,0.0,0,0,58.0,0.800534483,1,120.0
2/16/2015,Quarter3,finishing,Monday,12,0.8,4.08,,1080,0,0.0,0,0,9.0,0.891555556,1,120.0
2/14/2015,Quarter2,sweing,Saturday,5,0.75,30.1,0.7436303135877372,7140,56,0.0,0,0,59.0,0.750392157,1,121.01694915254237
1/3/2015,Quarter1,sweing,Saturday,5,0.8,11.61,0.7434715177649134,7080,50,0.0,0,0,31.5,0.800148649,1,224.76190476190476
1/28/2015,Quarter4,finishing,Wednesday,2,0.8,3.94,,1800,0,0.0,0,0,15.0,0.902222222,1,120.0
1/10/2015,Quarter2,sweing,Saturday,11,0.5,12.52,0.7461294902385328,9540,38,0.0,0,0,53.0,0.673245283,1,180.0
1/14/2015,Quarter2,sweing,Wednesday,12,0.8,11.61,0.7547209852219802,2970,50,0.0,0,0,31.5,0.800313433,1,94.28571428571429
1/18/2015,Quarter3,sweing,Sunday,10,0.7,22.52,0.7519340992023054,10080,40,0.0,0,0,56.0,0.700094156,1,180.0
1/20/2015,Quarter3,sweing,Tuesday,11,0.7,14.89,0.7594938109505809,10260,50,0.0,0,0,57.0,0.700170388,1,180.0
1/19/2015,Quarter3,finishing,Monday,10,0.7,3.94,,1440,0,0.0,0,0,8.0,0.538399621,0,180.0
1/17/2015,Quarter3,sweing,Saturday,7,0.8,25.9,0.758177383590181,10170,50,0.0,0,0,56.5,0.800128721,1,180.0
2/26/2015,Quarter4,finishing,Thursday,5,0.8,4.6,,7560,0,0.0,0,0,18.0,0.921604938,1,420.0
1/6/2015,Quarter1,sweing,Tuesday,8,0.8,25.9,0.7534317359308014,10170,38,0.0,0,0,56.5,0.800128721,1,180.0
1/27/2015,Quarter4,finishing,Tuesday,12,0.7,4.15,,1080,0,0.0,0,0,9.0,0.823555556,1,120.0
3/3/2015,Quarter1,sweing,Tuesday,8,0.75,29.4,0.7389556992307809,6840,56,0.0,0,0,57.0,0.750473684,1,120.0
2/24/2015,Quarter4,sweing,Tuesday,4,0.8,30.1,0.7498518244633211,6480,50,0.0,0,1,59.0,0.800071839,1,109.83050847457628
2/4/2015,Quarter1,sweing,Wednesday,2,0.8,22.52,0.7563317826486343,6900,100,0.0,0,0,57.5,1.05028058,1,120.0
2/9/2015,Quarter2,sweing,Monday,1,0.8,22.52,0.7595537749484982,3600,70,0.0,0,0,57.0,0.900509044,1,63.1578947368421
2/11/2015,Quarter2,sweing,Wednesday,3,0.8,22.52,0.5934578873666095,6840,0,0.0,0,1,57.0,0.536901754,0,120.0
2/16/2015,Quarter3,sweing,Monday,7,0.7,30.1,0.7470618518633811,600,30,0.0,0,1,59.0,0.700459889,1,10.169491525423728
2/14/2015,Quarter2,sweing,Saturday,12,0.8,15.26,0.7507289919836823,4080,63,0.0,0,0,34.0,0.800401961,1,120.0
2/19/2015,Quarter3,finishing,Thursday,5,0.75,5.13,,1920,0,0.0,0,0,8.0,0.631354167,0,240.0
1/5/2015,Quarter1,sweing,Monday,9,0.8,26.16,0.755792517598617,7080,75,0.0,0,0,59.0,0.850569492,1,120.0
3/4/2015,Quarter1,sweing,Wednesday,1,0.7,26.82,0.7624444270733296,6960,50,0.0,0,0,58.0,0.750651724,1,120.0
3/7/2015,Quarter1,finishing,Saturday,11,0.8,2.9,,960,0,0.0,0,0,8.0,0.657083333,0,120.0
2/19/2015,Quarter3,sweing,Thursday,2,0.65,30.33,0.7484787996694332,6840,0,0.0,0,1,57.0,0.585315789,0,120.0
3/5/2015,Quarter1,sweing,Thursday,4,0.7,26.82,0.7540213238636168,7080,50,0.0,0,0,59.0,0.750050847,1,120.0
3/11/2015,Quarter2,finishing,Wednesday,8,0.7,3.9,,960,0,0.0,0,0,8.0,0.625625,0,120.0
1/18/2015,Quarter3,sweing,Sunday,6,0.8,11.41,0.7544082498929217,5490,63,0.0,0,0,30.5,0.800343766,1,180.0
1/14/2015,Quarter2,sweing,Wednesday,10,0.5,22.4,0.7508328547789931,3390,23,0.0,0,0,56.5,0.499980334,0,60.0
2/26/2015,Quarter4,sweing,Thursday,10,0.7,21.82,0.7605387407831031,3240,0,0.0,0,1,52.0,0.700251773,1,62.30769230769231
2/25/2015,Quarter4,finishing,Wednesday,10,0.7,2.9,,1200,0,0.0,0,0,10.0,0.845833333,1,120.0
1/18/2015,Quarter3,sweing,Sunday,2,0.65,22.94,0.752373549211638,10170,26,0.0,0,0,56.5,0.650243497,1,180.0
1/31/2015,Quarter5,finishing,Saturday,5,0.7,3.94,,240,0,0.0,0,0,2.0,0.971866667,1,120.0
1/13/2015,Quarter2,sweing,Tuesday,1,0.8,26.16,0.7532541474007816,10620,75,0.0,0,0,59.0,0.850502311,1,180.0
1/22/2015,Quarter4,sweing,Thursday,8,0.8,40.99,0.7515024157461615,10770,30,0.0,0,0,56.5,0.555500132,0,190.61946902654867
1/13/2015,Quarter2,sweing,Tuesday,5,0.7,20.79,0.7568246869006776,10440,0,0.0,0,0,58.0,0.526810345,0,180.0
3/7/2015,Quarter1,sweing,Saturday,11,0.8,11.41,0.7361673789434281,3420,50,0.0,0,0,58.0,0.800034503,1,58.96551724137931
2/23/2015,Quarter4,finishing,Monday,2,0.8,5.13,,960,0,0.0,0,0,8.0,0.36871875,0,120.0
3/4/2015,Quarter1,sweing,Wednesday,3,0.8,29.4,0.7548831578657572,6840,63,0.0,0,0,57.0,0.800333333,1,120.0
1/18/2015,Quarter3,sweing,Sunday,9,0.8,26.16,0.7579798273847359,3660,50,0.0,0,0,59.0,0.800015009,1,62.03389830508475
3/8/2015,Quarter2,finishing,Sunday,12,0.8,4.6,,1080,0,0.0,0,0,9.0,0.945555556,1,120.0
2/9/2015,Quarter2,sweing,Monday,6,0.75,18.79,0.7449688205366778,4080,0,0.0,0,0,34.0,0.612517157,0,120.0
2/15/2015,Quarter3,finishing,Sunday,2,0.8,3.94,,960,0,0.0,0,0,8.0,1.108125,1,120.0
2/24/2015,Quarter4,sweing,Tuesday,11,0.75,11.61,0.7446735161026035,3360,34,0.0,0,2,57.0,0.750437269,1,58.94736842105263
3/9/2015,Quarter2,sweing,Monday,12,0.8,15.26,0.7542747225567926,4080,63,0.0,0,0,34.0,0.800401961,1,120.0
1/14/2015,Quarter2,sweing,Wednesday,6,0.8,11.61,0.7513425812351091,5670,38,0.0,0,0,31.5,0.800246753,1,180.0
2/14/2015,Quarter2,finishing,Saturday,1,0.8,3.94,,1440,0,0.0,0,0,12.0,0.796208333,0,120.0
3/8/2015,Quarter2,finishing,Sunday,2,0.7,3.9,,1200,0,0.0,0,0,10.0,0.884,1,120.0
1/5/2015,Quarter1,sweing,Monday,11,0.8,19.31,0.7440674374951324,4800,50,0.0,0,0,55.0,0.800250962,1,87.27272727272727
1/6/2015,Quarter1,sweing,Tuesday,3,0.8,19.87,0.7511608909047703,9900,50,0.0,0,0,55.0,0.800273829,1,180.0
2/1/2015,Quarter1,sweing,Sunday,2,0.8,22.52,0.758177383590181,6900,113,0.0,0,0,57.5,1.000671304,1,120.0
1/3/2015,Quarter1,finishing,Saturday,2,0.8,4.15,,960,0,0.0,0,0,8.0,0.782447917,0,120.0
3/11/2015,Quarter2,finishing,Wednesday,11,0.8,2.9,,2400,0,0.0,0,0,10.0,0.874027778,1,240.0
2/10/2015,Quarter2,finishing,Tuesday,6,0.75,2.9,,960,0,0.0,0,0,8.0,0.628333333,0,120.0
1/26/2015,Quarter4,sweing,Monday,10,0.75,22.52,0.7561391653094688,10080,55,0.0,0,0,56.0,0.800020563,1,180.0
1/26/2015,Quarter4,sweing,Monday,3,0.75,22.52,0.7604599879304662,10260,69,0.0,0,0,57.0,0.80035194,1,180.0
1/15/2015,Quarter3,finishing,Thursday,4,0.35,4.3,,3600,0,0.0,0,0,20.0,0.988636364,1,180.0
1/12/2015,Quarter2,sweing,Monday,3,0.8,19.87,0.7507081408689846,9900,0,0.0,0,0,55.0,0.800273829,1,180.0
2/2/2015,Quarter1,sweing,Monday,9,0.75,29.12,0.7874748051189085,6960,55,0.0,0,0,58.0,0.799963218,1,120.0
2/17/2015,Quarter3,sweing,Tuesday,8,0.6,29.4,0.7119425921947602,0,23,5.0,30,2,58.0,0.600982906,1,0.0
2/3/2015,Quarter1,finishing,Tuesday,1,0.8,3.94,,1200,0,0.0,0,0,10.0,0.99485,1,120.0
1/21/2015,Quarter3,sweing,Wednesday,12,0.6,15.26,0.756064451172223,6360,23,0.0,0,0,34.0,0.60017284,1,187.05882352941177
2/9/2015,Quarter2,sweing,Monday,2,0.8,22.52,0.7583982803055739,360,70,0.0,0,0,57.0,0.900477825,1,6.315789473684211
1/5/2015,Quarter1,finishing,Monday,5,0.6,2.9,,960,0,0.0,0,0,8.0,0.759270833,1,120.0
1/6/2015,Quarter1,finishing,Tuesday,1,0.8,3.94,,1440,0,0.0,0,0,8.0,0.936496212,1,180.0
1/31/2015,Quarter5,sweing,Saturday,12,0.75,15.26,0.7555158320020958,4200,45,0.0,0,0,35.0,0.750646667,1,120.0
1/5/2015,Quarter1,sweing,Monday,5,0.6,21.98,0.7436934316838817,6960,23,0.0,0,0,58.0,0.600028736,1,120.0
1/27/2015,Quarter4,sweing,Tuesday,3,0.75,22.52,0.7568532053715363,6840,119,0.0,0,0,57.0,1.000230409,1,120.0
3/9/2015,Quarter2,sweing,Monday,3,0.8,30.1,0.751181178033978,5160,50,0.0,0,1,58.0,0.800842424,1,88.96551724137932
3/2/2015,Quarter1,finishing,Monday,9,0.75,2.9,,1200,0,0.0,0,0,10.0,0.8004,1,120.0
2/25/2015,Quarter4,finishing,Wednesday,7,0.75,4.6,,960,0,0.0,0,0,8.0,0.676666667,0,120.0
3/5/2015,Quarter1,finishing,Thursday,1,0.7,3.94,,960,0,0.0,0,0,8.0,0.812625,1,120.0
2/12/2015,Quarter2,finishing,Thursday,8,0.35,4.15,,1440,0,0.0,0,0,12.0,0.755486111,1,120.0
1/25/2015,Quarter4,finishing,Sunday,8,0.8,2.9,,720,0,0.0,0,0,4.0,0.329545455,0,180.0
2/1/2015,Quarter1,finishing,Sunday,4,0.8,4.3,,1440,0,0.0,0,0,12.0,0.845069444,1,120.0
2/1/2015,Quarter1,finishing,Sunday,7,0.7,3.94,,2160,0,0.0,0,0,18.0,0.892194444,1,120.0
2/5/2015,Quarter1,sweing,Thursday,11,0.75,10.05,0.7437563233591077,2520,34,0.0,0,0,26.0,0.7504,1,96.92307692307692
1/20/2015,Quarter3,sweing,Tuesday,7,0.35,22.94,0.758868422921087,10080,30,0.0,0,0,56.0,0.400332792,1,180.0
1/12/2015,Quarter2,finishing,Monday,2,0.8,3.94,,1440,0,0.0,0,0,8.0,0.880530303,1,180.0
1/27/2015,Quarter4,finishing,Tuesday,8,0.65,3.94,,960,0,0.0,0,0,8.0,0.845458333,1,120.0
2/26/2015,Quarter4,sweing,Thursday,1,0.35,26.66,0.7548022774174213,6600,23,0.0,0,2,55.0,0.378895152,1,120.0
1/1/2015,Quarter1,sweing,Thursday,7,0.8,25.9,0.7515817535642387,6720,38,0.0,0,0,56.0,0.800125,1,120.0
1/18/2015,Quarter3,sweing,Sunday,3,0.65,22.52,0.7543749721889854,10170,35,0.0,0,0,56.5,0.650416734,1,180.0
2/4/2015,Quarter1,finishing,Wednesday,9,0.75,3.94,,960,0,0.0,0,0,8.0,0.755166667,1,120.0
1/24/2015,Quarter4,sweing,Saturday,6,0.8,11.61,0.7520691005989013,5640,63,0.0,0,0,32.0,0.800537143,1,176.25
3/3/2015,Quarter1,finishing,Tuesday,1,0.7,3.94,,3360,0,0.0,0,0,8.0,0.555430556,0,420.0
2/4/2015,Quarter1,sweing,Wednesday,1,0.8,22.52,0.7598618588433681,6900,88,0.0,0,0,57.5,0.900147246,1,120.0
3/4/2015,Quarter1,finishing,Wednesday,7,0.8,4.6,,8400,0,0.0,0,0,20.0,0.684888889,0,420.0
1/7/2015,Quarter1,finishing,Wednesday,1,0.8,3.94,,1440,0,0.0,0,0,8.0,0.951420455,1,180.0
1/31/2015,Quarter5,sweing,Saturday,9,0.75,29.12,0.7534140646136448,6840,81,0.0,0,0,57.0,0.850610526,1,120.0
3/11/2015,Quarter2,finishing,Wednesday,5,0.7,3.94,,1440,0,0.0,0,0,12.0,0.75885,1,120.0
1/5/2015,Quarter1,finishing,Monday,11,0.8,3.94,,2400,0,0.0,0,0,10.0,0.939513889,1,240.0
1/17/2015,Quarter3,finishing,Saturday,1,0.8,3.94,,1440,0,0.0,0,0,8.0,0.884261364,1,180.0
3/9/2015,Quarter2,sweing,Monday,2,0.7,16.1,0.7478965674414016,5520,30,0.0,0,1,45.0,0.700516224,1,122.66666666666667
1/14/2015,Quarter2,finishing,Wednesday,11,0.8,4.15,,1980,0,0.0,0,0,7.0,0.934607438,1,282.85714285714283
1/13/2015,Quarter2,sweing,Tuesday,8,0.8,25.9,0.7555468143358924,10260,60,0.0,0,0,57.0,0.850252525,1,180.0
1/8/2015,Quarter2,finishing,Thursday,11,0.8,4.15,,900,0,0.0,0,0,5.0,0.515606061,0,180.0
3/8/2015,Quarter2,sweing,Sunday,3,0.8,30.1,0.756551146835465,3360,50,0.0,0,1,57.0,0.800511068,1,58.94736842105263
1/22/2015,Quarter4,sweing,Thursday,4,0.75,22.52,0.7464010994606223,10080,81,0.0,0,0,56.0,0.849983766,1,180.0
1/7/2015,Quarter1,sweing,Wednesday,12,0.8,11.61,0.7540723244384366,5670,50,0.0,0,0,31.5,0.800246753,1,180.0
2/24/2015,Quarter4,sweing,Tuesday,12,0.8,15.26,0.7530565222642922,4080,50,0.0,0,0,34.0,0.800401961,1,120.0
1/14/2015,Quarter2,sweing,Wednesday,1,0.8,26.16,0.7535899136465768,10620,63,0.0,0,0,59.0,0.800117103,1,180.0
3/10/2015,Quarter2,finishing,Tuesday,3,0.8,4.6,,1440,0,0.0,0,0,12.0,0.894444444,1,120.0
1/1/2015,Quarter1,sweing,Thursday,1,0.75,28.08,0.7441597026236697,6900,45,0.0,0,0,57.5,0.750427826,1,120.0
1/26/2015,Quarter4,finishing,Monday,12,0.7,4.08,,1620,0,0.0,0,0,9.0,0.769292929,1,180.0
2/22/2015,Quarter4,sweing,Sunday,12,0.8,15.26,0.7537811592749241,4080,63,0.0,0,0,34.0,0.800401961,1,120.0
1/22/2015,Quarter4,sweing,Thursday,9,0.5,29.12,0.7513023786149955,10440,30,0.0,0,0,58.0,0.500547544,1,180.0
2/5/2015,Quarter1,sweing,Thursday,3,0.8,22.52,0.7530745881510997,6840,100,0.0,0,0,57.0,0.950185965,1,120.0
1/27/2015,Quarter4,finishing,Tuesday,5,0.5,4.15,,1440,0,0.0,0,0,12.0,0.926388889,1,120.0
3/7/2015,Quarter1,sweing,Saturday,2,0.65,16.1,0.7423859394102819,4200,0,0.0,0,1,45.0,0.65024031,1,93.33333333333333
1/8/2015,Quarter2,finishing,Thursday,7,0.8,2.9,,1440,0,0.0,0,0,8.0,0.681060606,0,180.0
1/29/2015,Quarter5,sweing,Thursday,4,0.8,22.52,0.7587931492195688,6900,88,0.0,0,0,57.5,0.9008,1,120.0
3/9/2015,Quarter2,finishing,Monday,2,0.7,3.9,,0,1200,0.0,0,0,10.0,0.6825,0,0.0
1/31/2015,Quarter5,sweing,Saturday,6,0.6,18.79,0.7474463588523053,3960,23,0.0,0,0,33.0,0.600710606,1,120.0
1/11/2015,Quarter2,sweing,Sunday,8,0.8,25.9,0.7555158320020958,10170,60,0.0,0,0,56.5,0.850136766,1,180.0
3/10/2015,Quarter2,finishing,Tuesday,1,0.75,3.94,,960,0,0.0,0,0,8.0,0.880754167,1,120.0
2/10/2015,Quarter2,sweing,Tuesday,1,0.8,22.52,0.7600252147985997,0,88,0.0,0,0,57.0,0.90047076,1,0.0
2/3/2015,Quarter1,sweing,Tuesday,1,0.8,22.52,0.7594817899598527,6900,113,0.0,0,0,57.5,1.000018551,1,120.0
3/11/2015,Quarter2,sweing,Wednesday,7,0.65,30.48,0.7505824791037367,6840,26,0.0,0,1,57.0,0.650596491,1,120.0
1/1/2015,Quarter1,sweing,Thursday,3,0.75,28.08,0.7473446701936747,6900,45,0.0,0,0,57.5,0.753683478,1,120.0
2/1/2015,Quarter1,sweing,Sunday,9,0.75,29.12,0.7566091312069287,6960,45,0.0,0,0,58.0,0.750593103,1,120.0
2/18/2015,Quarter3,finishing,Wednesday,10,0.8,3.94,,960,0,0.0,0,0,8.0,0.64025,0,120.0
1/21/2015,Quarter3,sweing,Wednesday,8,0.8,25.9,0.7400705433712848,7470,38,0.0,0,0,56.5,0.800436542,1,132.21238938053096
1/19/2015,Quarter3,sweing,Monday,11,0.7,14.89,0.7592881622773042,10260,50,0.0,0,0,57.0,0.700170388,1,180.0
2/10/2015,Quarter2,finishing,Tuesday,4,0.7,4.15,,1800,0,0.0,0,0,15.0,0.796755556,1,120.0
2/18/2015,Quarter3,finishing,Wednesday,4,0.75,5.13,,960,0,0.0,0,0,8.0,0.734645833,0,120.0
1/14/2015,Quarter2,finishing,Wednesday,2,0.8,3.94,,1260,0,0.0,0,0,8.0,0.247316017,0,157.5
2/23/2015,Quarter4,finishing,Monday,8,0.7,5.13,,960,0,0.0,0,0,8.0,0.930416667,1,120.0
2/15/2015,Quarter3,finishing,Sunday,5,0.75,4.15,,240,0,0.0,0,0,2.0,0.760833333,1,120.0
2/3/2015,Quarter1,sweing,Tuesday,5,0.6,30.1,0.7332816574092765,6960,0,0.0,0,0,58.0,0.415172414,0,120.0
2/18/2015,Quarter3,finishing,Wednesday,12,0.8,5.13,,1200,0,0.0,0,0,10.0,0.9918,1,120.0
1/31/2015,Quarter5,finishing,Saturday,9,0.75,3.94,,240,0,0.0,0,0,2.0,0.971866667,1,120.0
2/17/2015,Quarter3,finishing,Tuesday,3,0.5,5.13,,1800,0,0.0,0,0,15.0,0.7866,1,120.0
2/14/2015,Quarter2,sweing,Saturday,2,0.8,22.52,0.743943654808952,3660,63,0.0,0,0,57.0,0.80037492,1,64.21052631578948
3/11/2015,Quarter2,finishing,Wednesday,2,0.75,3.9,,1920,0,0.0,0,0,8.0,0.819270833,1,240.0
3/9/2015,Quarter2,finishing,Monday,3,0.8,4.6,,0,1440,0.0,0,0,12.0,0.795416667,0,0.0
1/26/2015,Quarter4,finishing,Monday,5,0.7,4.15,,2700,0,0.0,0,0,15.0,0.959191919,1,180.0
1/31/2015,Quarter5,finishing,Saturday,6,0.6,3.94,,1200,0,0.0,0,0,10.0,0.971866667,1,120.0
3/2/2015,Quarter1,sweing,Monday,5,0.65,27.48,0.7393617632851421,6720,34,0.0,0,0,56.0,0.700903571,1,120.0
1/13/2015,Quarter2,sweing,Tuesday,12,0.8,11.61,0.7530745881510997,5670,50,0.0,0,0,31.5,0.800246753,1,180.0
3/3/2015,Quarter1,sweing,Tuesday,5,0.7,27.48,0.7404903906497334,6840,30,0.0,0,0,57.0,0.700659649,1,120.0
1/12/2015,Quarter2,finishing,Monday,7,0.8,2.9,,1440,0,0.0,0,0,8.0,0.648106061,0,180.0
1/5/2015,Quarter1,sweing,Monday,3,0.75,19.87,0.750770615473594,6600,45,0.0,0,0,55.0,0.75024303,1,120.0
1/10/2015,Quarter2,finishing,Saturday,1,0.8,3.94,,2160,0,0.0,0,0,8.0,0.985,1,270.0
2/3/2015,Quarter1,sweing,Tuesday,12,0.8,15.26,0.7524487817760237,2040,50,0.0,0,0,35.0,0.800259023,1,58.285714285714285
2/10/2015,Quarter2,sweing,Tuesday,5,0.75,30.1,0.7488093749795541,7020,45,0.0,0,0,58.0,0.750356125,1,121.03448275862068
2/5/2015,Quarter1,finishing,Thursday,1,0.8,3.94,,1440,0,0.0,0,0,12.0,0.845458333,1,120.0
1/8/2015,Quarter2,sweing,Thursday,8,0.8,25.9,0.7523923899349364,10170,60,0.0,0,0,56.5,0.850136766,1,180.0
2/15/2015,Quarter3,sweing,Sunday,11,0.65,11.41,0.7447329799130843,2640,23,0.0,0,2,53.0,0.650223718,1,49.81132075471698
1/24/2015,Quarter4,sweing,Saturday,5,0.7,20.4,0.7579930762786131,10440,50,0.0,0,0,58.0,0.700250784,1,180.0
2/16/2015,Quarter3,finishing,Monday,9,0.8,3.94,,1200,0,0.0,0,0,10.0,0.960433333,1,120.0
1/29/2015,Quarter5,finishing,Thursday,1,0.75,3.94,,1200,0,0.0,0,0,10.0,0.853666667,1,120.0
3/1/2015,Quarter1,finishing,Sunday,1,0.6,3.94,,3360,0,0.0,0,0,8.0,0.448722222,0,420.0
1/29/2015,Quarter5,finishing,Thursday,8,0.65,4.15,,960,0,0.0,0,0,8.0,0.877552083,1,120.0
2/8/2015,Quarter2,sweing,Sunday,4,0.65,30.1,0.7450855496998691,6780,44,0.0,0,1,56.5,0.568259587,0,120.0
1/20/2015,Quarter3,sweing,Tuesday,5,0.7,20.4,0.757590616778631,10260,50,0.0,0,0,57.0,0.700063796,1,180.0
1/22/2015,Quarter4,sweing,Thursday,12,0.6,15.26,0.7593852814202585,6960,23,0.0,0,0,34.0,0.600436426,1,204.7058823529412
1/1/2015,Quarter1,sweing,Thursday,8,0.8,26.16,0.7538673443555383,7080,98,0.0,0,0,59.0,0.940725424,1,120.0
1/21/2015,Quarter3,finishing,Wednesday,5,0.7,4.15,,2400,0,0.0,0,0,8.0,0.758173077,1,300.0
3/11/2015,Quarter2,finishing,Wednesday,7,0.65,3.9,,960,0,0.0,0,0,8.0,0.625625,0,120.0
1/27/2015,Quarter4,sweing,Tuesday,5,0.5,20.79,0.7589308715183184,6960,30,0.0,0,0,58.0,0.500035345,1,120.0
3/10/2015,Quarter2,finishing,Tuesday,10,0.7,2.9,,960,0,0.0,0,0,8.0,0.39875,0,120.0
2/24/2015,Quarter4,sweing,Tuesday,9,0.7,18.79,0.753164616656731,3000,30,0.0,0,1,52.0,0.700256795,1,57.69230769230769
1/11/2015,Quarter2,sweing,Sunday,9,0.8,26.16,0.7536422969173452,10620,88,0.0,0,0,59.0,0.900215716,1,180.0
1/26/2015,Quarter4,sweing,Monday,5,0.75,20.4,0.7540383420432774,10320,56,0.0,0,0,58.0,0.750031447,1,177.93103448275863
1/7/2015,Quarter1,finishing,Wednesday,5,0.7,4.15,,1440,0,0.0,0,0,8.0,0.330113636,0,180.0
2/7/2015,Quarter1,finishing,Saturday,2,0.8,3.94,,3000,0,0.0,0,0,25.0,1.050666667,1,120.0
1/31/2015,Quarter5,finishing,Saturday,11,0.65,3.94,,600,0,0.0,0,0,5.0,0.971866667,1,120.0
1/6/2015,Quarter1,finishing,Tuesday,10,0.75,3.94,,1440,0,0.0,0,0,8.0,0.809640152,1,180.0
3/10/2015,Quarter2,sweing,Tuesday,12,0.8,15.26,0.7531825624621413,4080,63,0.0,0,0,34.0,0.800401961,1,120.0
1/11/2015,Quarter2,sweing,Sunday,12,0.8,11.61,0.7497416145768938,5670,50,0.0,0,0,31.5,0.800246753,1,180.0
2/19/2015,Quarter3,finishing,Thursday,6,0.8,2.9,,4320,0,0.0,0,0,18.0,0.785864198,0,240.0
3/1/2015,Quarter1,sweing,Sunday,1,0.6,26.66,0.7603921593480896,6840,38,0.0,0,0,57.0,0.700019883,1,120.0
1/14/2015,Quarter2,sweing,Wednesday,5,0.7,20.79,0.751201440201967,7320,0,0.0,0,0,58.0,0.700095563,1,126.20689655172414
1/5/2015,Quarter1,sweing,Monday,8,0.8,25.9,0.7527830911523299,6780,38,0.0,0,0,56.5,0.800684366,1,120.0
1/8/2015,Quarter2,sweing,Thursday,4,0.8,28.08,0.7507289919836823,10530,75,0.0,0,0,58.5,0.850181818,1,180.0
1/18/2015,Quarter3,finishing,Sunday,11,0.65,4.15,,2160,0,0.0,0,0,12.0,0.838383838,1,180.0
2/8/2015,Quarter2,sweing,Sunday,6,0.75,18.79,0.7438189901156038,3960,34,0.0,0,0,33.0,0.75065101,1,120.0
1/19/2015,Quarter3,sweing,Monday,4,0.7,22.52,0.7504770271862321,10260,63,0.0,0,0,57.0,0.750068049,1,180.0
3/2/2015,Quarter1,finishing,Monday,8,0.75,4.6,,3360,0,0.0,0,0,8.0,0.773333333,1,420.0
1/29/2015,Quarter5,finishing,Thursday,4,0.8,4.3,,1200,0,0.0,0,0,10.0,0.989,1,120.0
2/28/2015,Quarter4,finishing,Saturday,3,0.8,4.6,,6300,0,0.0,0,0,15.0,0.921703704,1,420.0
2/26/2015,Quarter4,sweing,Thursday,12,0.8,15.26,0.7531106596143872,4080,63,0.0,0,0,34.0,0.800401961,1,120.0
1/28/2015,Quarter4,finishing,Wednesday,7,0.6,3.94,,960,0,0.0,0,0,8.0,0.406354167,0,120.0
1/20/2015,Quarter3,sweing,Tuesday,6,0.8,11.41,0.7527830911523299,5580,63,0.0,0,0,31.0,0.800261486,1,180.0
2/26/2015,Quarter4,sweing,Thursday,5,0.35,27.48,0.7331700007411454,6840,38,0.0,0,1,57.0,0.449964912,1,120.0
1/10/2015,Quarter2,sweing,Saturday,3,0.75,19.87,0.7532898214702713,7080,45,0.0,0,0,56.0,0.750098351,1,126.42857142857143
1/3/2015,Quarter1,sweing,Saturday,11,0.8,11.61,0.751992093454427,7080,50,0.0,0,0,29.5,0.800237288,1,240.0
1/29/2015,Quarter5,finishing,Thursday,3,0.8,3.94,,960,0,0.0,0,0,8.0,0.4925,0,120.0
1/12/2015,Quarter2,finishing,Monday,1,0.8,3.94,,1440,0,0.0,0,0,8.0,0.955151515,1,180.0
2/23/2015,Quarter4,finishing,Monday,6,0.8,2.9,,960,0,0.0,0,0,8.0,0.3715625,0,120.0
1/10/2015,Quarter2,finishing,Saturday,5,0.5,4.15,,1440,0,0.0,0,0,8.0,0.337973485,0,180.0
2/10/2015,Quarter2,sweing,Tuesday,4,0.7,30.1,0.7488093749795541,7020,40,0.0,0,1,58.0,0.700618234,1,121.03448275862068
1/11/2015,Quarter2,finishing,Sunday,1,0.8,3.94,,1440,0,0.0,0,0,8.0,0.873068182,1,180.0
1/31/2015,Quarter5,sweing,Saturday,3,0.8,22.52,0.7543416252444998,6960,113,0.0,0,0,58.0,1.000457471,1,120.0
2/24/2015,Quarter4,finishing,Tuesday,9,0.7,2.9,,1800,0,0.0,0,0,15.0,0.726933333,1,120.0
3/4/2015,Quarter1,finishing,Wednesday,3,0.8,4.6,,1200,0,0.0,0,0,10.0,0.939166667,1,120.0
1/28/2015,Quarter4,finishing,Wednesday,8,0.65,4.15,,960,0,0.0,0,0,8.0,0.553333333,0,120.0
1/5/2015,Quarter1,sweing,Monday,12,0.8,11.61,0.7525982124244237,7200,50,0.0,0,0,32.0,0.800246011,1,225.0
3/10/2015,Quarter2,sweing,Tuesday,7,0.6,30.48,0.7522220346787796,6840,25,0.0,0,1,57.0,0.630402924,1,120.0
2/3/2015,Quarter1,finishing,Tuesday,9,0.75,3.94,,1320,0,0.0,0,0,11.0,0.919954545,1,120.0
1/13/2015,Quarter2,sweing,Tuesday,11,0.7,27.13,0.7387907045657713,9540,37,0.0,0,0,53.0,0.582301029,0,180.0
1/12/2015,Quarter2,sweing,Monday,4,0.35,22.4,0.7407897001584784,7350,0,0.0,0,0,51.5,0.35063299,1,142.71844660194174
2/25/2015,Quarter4,finishing,Wednesday,6,0.75,2.9,,960,0,0.0,0,0,8.0,0.410833333,0,120.0
1/8/2015,Quarter2,sweing,Thursday,7,0.8,25.9,0.7528381471269849,10170,60,0.0,0,0,56.5,0.850136766,1,180.0
3/3/2015,Quarter1,finishing,Tuesday,2,0.4,3.9,,6300,0,0.0,0,0,15.0,0.567377778,1,420.0
3/2/2015,Quarter1,finishing,Monday,3,0.8,4.6,,10080,0,0.0,0,0,24.0,0.86037037,1,420.0
1/11/2015,Quarter2,finishing,Sunday,11,0.8,4.15,,1440,0,0.0,0,0,8.0,0.668087121,0,180.0
1/4/2015,Quarter1,finishing,Sunday,9,0.8,3.94,,960,0,0.0,0,0,8.0,0.931645833,1,120.0
1/7/2015,Quarter1,sweing,Wednesday,8,0.8,25.9,0.7543249257230823,10170,60,0.0,0,0,56.5,0.850136766,1,180.0
2/18/2015,Quarter3,sweing,Wednesday,8,0.65,29.4,0.7511405787570672,4560,0,4.5,30,2,57.0,0.251399254,0,80.0
2/2/2015,Quarter1,sweing,Monday,12,0.8,15.26,0.7915984533409114,3600,63,0.0,0,0,35.0,0.800401961,1,102.85714285714286
3/8/2015,Quarter2,sweing,Sunday,4,0.75,26.82,0.7534140646136448,6840,65,0.0,0,0,57.0,0.850084211,1,120.0
3/9/2015,Quarter2,finishing,Monday,9,0.75,2.9,,0,3600,0.0,0,0,15.0,0.841,1,0.0
3/10/2015,Quarter2,finishing,Tuesday,5,0.6,3.94,,1440,0,0.0,0,0,12.0,0.909391667,1,120.0
1/28/2015,Quarter4,sweing,Wednesday,1,0.75,22.94,0.763364714863908,6960,81,0.0,0,0,58.0,0.850362069,1,120.0
1/27/2015,Quarter4,finishing,Tuesday,2,0.75,3.94,,1200,0,0.0,0,0,10.0,0.788,1,120.0
1/3/2015,Quarter1,sweing,Saturday,1,0.8,28.08,0.7467478762884688,6300,50,0.0,0,0,56.5,0.800725314,1,111.50442477876106
2/8/2015,Quarter2,sweing,Sunday,10,0.8,22.52,0.7580723332069428,6720,88,0.0,0,0,56.0,0.9008,1,120.0
2/9/2015,Quarter2,sweing,Monday,10,0.8,22.52,0.7541906998969383,120,88,0.0,0,0,56.0,0.9008,1,2.142857142857143
3/5/2015,Quarter1,finishing,Thursday,11,0.8,2.9,,1200,0,0.0,0,0,10.0,0.927291667,1,120.0
3/1/2015,Quarter1,sweing,Sunday,8,0.75,29.4,0.7422497057039077,6240,56,0.0,0,0,57.0,0.75075,1,109.47368421052632
1/21/2015,Quarter3,finishing,Wednesday,8,0.8,2.9,,2400,0,0.0,0,0,8.0,0.594871795,0,300.0
2/18/2015,Quarter3,sweing,Wednesday,3,0.7,30.1,0.7529658896027603,0,40,0.0,0,1,58.0,0.700603448,1,0.0
3/4/2015,Quarter1,finishing,Wednesday,12,0.8,4.6,,1080,0,0.0,0,0,9.0,0.885925926,1,120.0
1/22/2015,Quarter4,finishing,Thursday,1,0.7,3.94,,15000,0,0.0,0,0,25.0,0.649662222,0,600.0
1/26/2015,Quarter4,sweing,Monday,8,0.6,15.09,0.7597085919752662,360,23,0.0,0,0,52.0,0.600143365,1,6.923076923076923
1/15/2015,Quarter3,sweing,Thursday,1,0.8,26.16,0.7547372767883618,10620,75,0.0,0,0,59.0,0.850502311,1,180.0
2/14/2015,Quarter2,sweing,Saturday,4,0.75,30.1,0.7366390355634305,7140,0,0.0,0,1,59.0,0.750392157,1,121.01694915254237
2/28/2015,Quarter4,sweing,Saturday,10,0.7,21.82,0.7588433724838183,6120,40,0.0,0,1,51.0,0.700236601,1,120.0
1/26/2015,Quarter4,sweing,Monday,6,0.8,11.61,0.7532362808269639,5760,50,0.0,0,0,32.0,0.800386364,1,180.0
1/24/2015,Quarter4,finishing,Saturday,8,0.8,2.9,,1620,0,0.0,0,0,9.0,0.910521886,1,180.0
2/12/2015,Quarter2,finishing,Thursday,1,0.8,3.94,,1440,0,0.0,0,0,12.0,0.664875,0,120.0
1/11/2015,Quarter2,sweing,Sunday,7,0.8,25.9,0.7521266188024063,10170,45,0.0,0,0,56.5,0.850136766,1,180.0
1/1/2015,Quarter1,finishing,Thursday,11,0.7,4.15,,1440,0,0.0,0,0,12.0,0.436326389,0,120.0
3/9/2015,Quarter2,finishing,Monday,4,0.75,3.94,,0,960,0.0,0,0,8.0,0.7953875,1,0.0
2/17/2015,Quarter3,sweing,Tuesday,6,0.75,18.79,0.7454880146792414,3360,0,0.0,0,0,33.0,0.750621354,1,101.81818181818181
2/3/2015,Quarter1,sweing,Tuesday,7,0.7,24.26,0.7610680243429867,6720,0,0.0,0,0,56.0,0.541517857,0,120.0
1/5/2015,Quarter1,finishing,Monday,1,0.8,3.94,,1920,0,0.0,0,0,8.0,0.961059028,1,240.0
1/15/2015,Quarter3,sweing,Thursday,3,0.5,22.52,0.7537638667750249,10170,30,0.0,0,0,56.5,0.660683293,1,180.0
3/8/2015,Quarter2,sweing,Sunday,6,0.6,23.41,0.7563759006135211,2520,23,0.0,0,1,38.0,0.601037091,1,66.3157894736842
1/17/2015,Quarter3,finishing,Saturday,5,0.65,4.15,,2700,0,0.0,0,0,15.0,0.98719697,1,180.0
2/18/2015,Quarter3,finishing,Wednesday,7,0.7,5.13,,960,0,0.0,0,0,8.0,0.671875,0,120.0
1/21/2015,Quarter3,finishing,Wednesday,1,0.65,3.94,,2400,0,0.0,0,0,8.0,0.505128205,0,300.0
2/22/2015,Quarter4,finishing,Sunday,10,0.8,3.94,,960,0,0.0,0,0,8.0,0.385791667,0,120.0
2/17/2015,Quarter3,sweing,Tuesday,3,0.7,30.1,0.7585139624028929,6960,50,0.0,0,1,58.0,0.700603448,1,120.0
3/3/2015,Quarter1,finishing,Tuesday,4,0.7,3.94,,3360,0,0.0,0,0,8.0,0.555430556,0,420.0
2/11/2015,Quarter2,finishing,Wednesday,5,0.7,4.15,,240,0,0.0,0,0,2.0,0.87,1,120.0
3/11/2015,Quarter2,sweing,Wednesday,9,0.75,18.79,0.7246756692683479,5040,45,0.0,0,0,52.0,0.750347333,1,96.92307692307692
2/1/2015,Quarter1,finishing,Sunday,2,0.8,3.94,,1200,0,0.0,0,0,10.0,0.912766667,1,120.0
2/22/2015,Quarter4,sweing,Sunday,8,0.7,29.4,0.7545076702276654,6840,40,0.0,0,2,57.0,0.700614035,1,120.0
2/23/2015,Quarter4,sweing,Monday,2,0.7,30.33,0.7406406682910074,2160,30,0.0,0,1,58.0,0.700623,1,37.241379310344826
1/27/2015,Quarter4,sweing,Tuesday,2,0.75,22.52,0.761024616725753,6840,119,0.0,0,0,57.0,1.000230409,1,120.0
1/24/2015,Quarter4,finishing,Saturday,5,0.7,4.15,,2700,0,0.0,0,0,15.0,0.966666667,1,180.0
2/9/2015,Quarter2,finishing,Monday,1,0.8,3.94,,1200,0,0.0,0,0,10.0,0.962016667,1,120.0
2/24/2015,Quarter4,sweing,Tuesday,5,0.8,30.1,0.7351363327228854,7140,50,0.0,0,0,60.0,0.800137255,1,119.0
2/26/2015,Quarter4,finishing,Thursday,10,0.7,2.9,,3360,0,0.0,0,0,8.0,0.410833333,0,420.0
1/22/2015,Quarter4,sweing,Thursday,6,0.8,11.61,0.7509976883534801,6360,63,0.0,0,0,32.0,0.800191989,1,198.75
1/24/2015,Quarter4,finishing,Saturday,2,0.75,3.94,,1440,0,0.0,0,0,8.0,0.578314394,0,180.0
1/5/2015,Quarter1,sweing,Monday,2,0.8,28.08,0.7463471204932159,6900,50,0.0,0,0,57.5,0.800076522,1,120.0
3/8/2015,Quarter2,finishing,Sunday,11,0.8,2.9,,960,0,0.0,0,0,8.0,0.755208333,0,120.0
2/19/2015,Quarter3,finishing,Thursday,8,0.7,5.13,,1920,0,0.0,0,0,8.0,0.672135417,0,240.0
1/29/2015,Quarter5,sweing,Thursday,3,0.8,22.52,0.7566813122324386,6840,100,0.0,0,0,57.0,0.950185965,1,120.0
3/4/2015,Quarter1,sweing,Wednesday,10,0.7,21.82,0.7573440555343423,5760,30,0.0,0,0,53.0,0.700058333,1,108.67924528301887
2/4/2015,Quarter1,finishing,Wednesday,6,0.7,2.9,,960,0,0.0,0,0,8.0,0.531666667,0,120.0
1/7/2015,Quarter1,sweing,Wednesday,2,0.8,28.08,0.7468531776831722,10350,63,0.0,0,0,57.5,0.800594466,1,180.0
1/25/2015,Quarter4,finishing,Sunday,2,0.75,3.94,,1440,0,0.0,0,0,8.0,0.970075758,1,180.0
2/4/2015,Quarter1,sweing,Wednesday,10,0.8,22.52,0.7538673443555383,6720,113,0.0,0,0,56.0,0.999995238,1,120.0
2/4/2015,Quarter1,finishing,Wednesday,8,0.7,4.15,,3000,0,0.0,0,0,25.0,0.915766667,1,120.0
1/6/2015,Quarter1,sweing,Tuesday,9,0.8,26.16,0.7569384510284963,10620,75,0.0,0,0,59.0,0.850502311,1,180.0
3/9/2015,Quarter2,sweing,Monday,8,0.65,30.48,0.7509566340490477,6720,26,0.0,0,1,56.0,0.650421429,1,120.0
1/29/2015,Quarter5,sweing,Thursday,2,0.8,22.52,0.7584369371695807,6840,113,0.0,0,0,57.0,1.000230409,1,120.0
3/5/2015,Quarter1,sweing,Thursday,2,0.6,15.28,0.7387492217035916,1320,0,0.0,0,1,46.0,0.600099145,1,28.695652173913043
3/1/2015,Quarter1,sweing,Sunday,11,0.8,11.61,0.7290679867099498,0,50,4.0,20,0,57.0,0.682433036,0,0.0
2/22/2015,Quarter4,sweing,Sunday,2,0.7,30.33,0.7460471626274331,6840,0,0.0,0,1,57.0,0.700605263,1,120.0
1/1/2015,Quarter1,sweing,Thursday,10,0.75,19.31,0.7406780422996676,6480,45,0.0,0,0,54.0,0.712205247,0,120.0
1/24/2015,Quarter4,sweing,Saturday,2,0.75,22.94,0.7607061347265285,10260,94,0.0,0,0,57.0,0.90064806,1,180.0
3/2/2015,Quarter1,finishing,Monday,12,0.8,4.6,,3780,0,0.0,0,0,9.0,0.607654321,0,420.0
2/1/2015,Quarter1,finishing,Sunday,12,0.75,4.08,,1080,0,0.0,0,0,9.0,0.702666667,0,120.0
1/4/2015,Quarter1,finishing,Sunday,1,0.8,3.94,,960,0,0.0,0,0,8.0,0.915229167,1,120.0
1/10/2015,Quarter2,finishing,Saturday,8,0.8,2.9,,1440,0,0.0,0,0,8.0,0.628882576,0,180.0
1/25/2015,Quarter4,finishing,Sunday,5,0.7,4.15,,3060,0,0.0,0,0,17.0,0.973796791,1,180.0
2/2/2015,Quarter1,sweing,Monday,5,0.5,30.1,0.7484310401967081,6960,0,0.0,0,0,58.0,0.500801724,1,120.0
1/15/2015,Quarter3,sweing,Thursday,9,0.8,26.16,0.7578199535607953,10620,63,0.0,0,0,59.0,0.800117103,1,180.0
2/16/2015,Quarter3,finishing,Monday,7,0.7,4.15,,1800,0,0.0,0,0,15.0,0.258,0,120.0
1/25/2015,Quarter4,sweing,Sunday,6,0.8,11.61,0.7550756140566902,5760,63,0.0,0,0,32.0,0.800386364,1,180.0
2/9/2015,Quarter2,sweing,Monday,8,0.35,30.1,0.7498518244633211,6960,0,0.0,0,1,58.0,0.350301724,1,120.0
2/1/2015,Quarter1,sweing,Sunday,1,0.8,22.94,0.7604374119921241,3060,113,0.0,0,0,58.5,1.000402055,1,52.30769230769231
3/8/2015,Quarter2,sweing,Sunday,9,0.75,18.79,0.7559743252514608,5640,45,0.0,0,0,52.0,0.750371895,1,108.46153846153847
2/9/2015,Quarter2,finishing,Monday,2,0.8,3.94,,2160,0,0.0,0,0,18.0,1.057962963,1,120.0
2/9/2015,Quarter2,sweing,Monday,7,0.35,30.1,0.7485026287330521,6960,0,0.0,0,1,58.0,0.350301724,1,120.0
3/4/2015,Quarter1,sweing,Wednesday,5,0.7,27.48,0.7409742670299914,6960,40,0.0,0,0,58.0,0.700424138,1,120.0
3/11/2015,Quarter2,finishing,Wednesday,12,0.8,4.6,,2160,0,0.0,0,0,9.0,0.922839506,1,240.0
2/28/2015,Quarter4,finishing,Saturday,12,0.8,4.6,,3780,0,0.0,0,0,9.0,0.590617284,0,420.0
2/23/2015,Quarter4,finishing,Monday,7,0.7,5.13,,960,0,0.0,0,0,8.0,0.356458333,0,120.0
1/14/2015,Quarter2,sweing,Wednesday,2,0.8,51.02,0.7534846341959252,4260,27,0.0,0,0,57.0,0.311207464,0,74.73684210526316
1/19/2015,Quarter3,finishing,Monday,11,0.7,4.15,,1440,0,0.0,0,0,8.0,0.409545455,0,180.0
1/1/2015,Quarter1,finishing,Thursday,4,0.75,3.94,,2160,0,0.0,0,0,18.0,0.593055556,0,120.0
2/28/2015,Quarter4,finishing,Saturday,9,0.75,2.9,,960,0,0.0,0,0,8.0,0.4078125,0,120.0
1/19/2015,Quarter3,finishing,Monday,12,0.8,2.9,,1440,0,0.0,0,0,8.0,0.793844697,0,180.0
2/4/2015,Quarter1,sweing,Wednesday,9,0.8,22.52,0.7534846341959252,6960,50,0.0,0,0,58.0,0.799963218,0,120.0
3/4/2015,Quarter1,finishing,Wednesday,9,0.75,2.9,,960,0,0.0,0,0,8.0,0.83375,1,120.0
2/16/2015,Quarter3,sweing,Monday,1,0.8,22.52,0.7585139624028929,6840,113,0.0,0,0,57.0,1.000230409,1,120.0
1/13/2015,Quarter2,sweing,Tuesday,9,0.8,26.16,0.7546720106363709,10620,75,0.0,0,0,59.0,0.850502311,1,180.0
1/11/2015,Quarter2,finishing,Sunday,2,0.8,3.94,,1440,0,0.0,0,0,8.0,0.820833333,1,180.0
1/6/2015,Quarter1,sweing,Tuesday,10,0.75,28.08,0.7555158320020958,10530,45,0.0,0,0,58.5,0.750545455,1,180.0
1/31/2015,Quarter5,finishing,Saturday,3,0.8,3.94,,960,0,0.0,0,0,8.0,0.971866667,1,120.0
1/3/2015,Quarter1,finishing,Saturday,3,0.75,3.94,,1560,0,0.0,0,0,8.0,0.945277778,1,195.0
1/21/2015,Quarter3,finishing,Wednesday,9,0.8,3.94,,2400,0,0.0,0,0,8.0,0.827147436,1,300.0
2/12/2015,Quarter2,finishing,Thursday,12,0.8,4.08,,1080,0,0.0,0,0,9.0,0.838666667,1,120.0
3/9/2015,Quarter2,finishing,Monday,10,0.7,2.9,,0,960,0.0,0,0,8.0,0.477291667,0,0.0
3/8/2015,Quarter2,finishing,Sunday,9,0.75,2.9,,1080,0,0.0,0,0,9.0,0.929074074,1,120.0
2/4/2015,Quarter1,sweing,Wednesday,7,0.7,24.26,0.7591290226284632,6960,0,0.0,0,0,58.0,0.700612069,1,120.0
3/1/2015,Quarter1,finishing,Sunday,7,0.8,4.6,,3360,0,0.0,0,0,8.0,0.350416667,0,420.0
1/20/2015,Quarter3,sweing,Tuesday,9,0.8,26.16,0.7323696085949275,10620,63,0.0,0,0,59.0,0.800117103,1,180.0
1/25/2015,Quarter4,sweing,Sunday,5,0.7,20.4,0.7556393999360466,10440,50,0.0,0,0,58.0,0.700250784,1,180.0
3/1/2015,Quarter1,finishing,Sunday,2,0.7,3.9,,960,0,0.0,0,0,8.0,0.585,0,120.0
1/13/2015,Quarter2,finishing,Tuesday,1,0.8,3.94,,1440,0,0.0,0,0,2.0,0.951420455,1,720.0
1/12/2015,Quarter2,finishing,Monday,5,0.65,4.15,,1440,0,0.0,0,0,8.0,0.809564394,1,180.0
2/23/2015,Quarter4,finishing,Monday,9,0.8,2.9,,960,0,0.0,0,0,8.0,0.3715625,0,120.0
1/6/2015,Quarter1,sweing,Tuesday,4,0.8,28.08,0.7503708997173438,10350,50,0.0,0,0,57.5,0.800594466,1,180.0
2/22/2015,Quarter4,finishing,Sunday,3,0.5,5.13,,1800,0,0.0,0,0,15.0,0.8721,1,120.0
1/5/2015,Quarter1,sweing,Monday,7,0.8,25.9,0.756213527505154,6780,50,0.0,0,0,56.5,0.800684366,1,120.0
2/23/2015,Quarter4,sweing,Monday,4,0.8,30.1,0.7496306711814479,7140,38,0.0,0,1,59.0,0.800137255,1,121.01694915254237
1/17/2015,Quarter3,sweing,Saturday,12,0.8,11.61,0.7526353567089923,5670,63,0.0,0,0,31.5,0.800246753,1,180.0
2/10/2015,Quarter2,sweing,Tuesday,3,0.8,22.52,0.7477975490773973,0,88,0.0,0,0,57.0,0.90047076,1,0.0
1/6/2015,Quarter1,finishing,Tuesday,3,0.75,4.15,,1800,0,0.0,0,0,10.0,0.899166667,1,180.0
1/25/2015,Quarter4,sweing,Sunday,11,0.75,42.97,0.7388733884702013,10260,40,0.0,0,0,57.0,0.59114168,0,180.0
2/19/2015,Quarter3,sweing,Thursday,9,0.7,18.79,0.7606728032485108,6120,30,0.0,0,1,51.0,0.638614379,0,120.0
1/10/2015,Quarter2,sweing,Saturday,7,0.8,25.9,0.7513023786149955,10170,60,0.0,0,0,56.5,0.850136766,1,180.0
1/5/2015,Quarter1,sweing,Monday,4,0.8,28.08,0.7464010994606223,6900,50,0.0,0,0,57.5,0.800076522,1,120.0
3/3/2015,Quarter1,finishing,Tuesday,12,0.8,4.6,,3780,0,0.0,0,0,9.0,0.636049383,0,420.0
2/3/2015,Quarter1,finishing,Tuesday,2,0.8,3.94,,2400,0,0.0,0,0,20.0,1.001416667,1,120.0
1/26/2015,Quarter4,sweing,Monday,2,0.75,22.94,0.7623651094287451,10260,55,0.0,0,0,57.0,0.800034024,1,180.0
2/10/2015,Quarter2,sweing,Tuesday,11,0.8,10.05,0.6039359308784116,3240,34,0.0,0,0,54.0,0.750648148,0,60.0
1/11/2015,Quarter2,sweing,Sunday,11,0.6,12.52,0.7482386378703756,9540,30,0.0,0,0,53.0,0.600229846,1,180.0
1/15/2015,Quarter3,finishing,Thursday,7,0.8,2.9,,1440,0,0.0,0,0,8.0,0.689299242,0,180.0
1/13/2015,Quarter2,sweing,Tuesday,4,0.5,22.4,0.7470359067578969,10170,23,0.0,0,0,56.5,0.500380799,1,180.0
1/28/2015,Quarter4,finishing,Wednesday,12,0.75,4.08,,1080,0,0.0,0,0,9.0,0.755555556,1,120.0
3/10/2015,Quarter2,sweing,Tuesday,4,0.75,26.82,0.7537984332309977,5880,65,0.0,0,0,59.0,0.850084211,1,99.66101694915254
2/1/2015,Quarter1,sweing,Sunday,7,0.7,24.26,0.7582296432303965,6720,0,0.0,0,0,56.0,0.411553571,0,120.0
1/7/2015,Quarter1,sweing,Wednesday,3,0.8,19.87,0.7503495924475407,9900,50,0.0,0,0,55.0,0.800273829,1,180.0
2/7/2015,Quarter1,sweing,Saturday,2,0.8,22.52,0.755155123192629,6900,113,0.0,0,0,58.0,1.000018551,1,118.96551724137932
3/5/2015,Quarter1,finishing,Thursday,4,0.7,3.94,,960,0,0.0,0,0,8.0,0.812625,1,120.0
2/14/2015,Quarter2,finishing,Saturday,7,0.7,4.15,,1800,0,0.0,0,0,15.0,0.929277778,1,120.0
1/29/2015,Quarter5,sweing,Thursday,12,0.75,15.26,0.7586922096429177,4200,45,0.0,0,0,35.0,0.750646667,1,120.0
2/5/2015,Quarter1,sweing,Thursday,7,0.07,24.26,0.7607283151089259,6960,0,0.0,0,0,58.0,0.522844828,1,120.0
2/15/2015,Quarter3,sweing,Sunday,3,0.6,30.1,0.7577124509065135,6960,30,0.0,0,1,58.0,0.475718391,0,120.0
3/1/2015,Quarter1,sweing,Sunday,7,0.8,30.1,0.750561442380494,6960,0,3.5,15,0,58.0,0.579511494,0,120.0
2/19/2015,Quarter3,sweing,Thursday,4,0.8,30.1,0.7489026433163835,7020,63,0.0,0,1,58.5,0.800094017,1,120.0
1/8/2015,Quarter2,finishing,Thursday,1,0.8,3.94,,1440,0,0.0,0,0,8.0,0.947689394,1,180.0
1/7/2015,Quarter1,sweing,Wednesday,6,0.8,11.41,0.7516212791298582,5490,50,0.0,0,0,30.5,0.800343766,1,180.0
1/27/2015,Quarter4,sweing,Tuesday,6,0.8,30.4,0.7284354702492831,3840,34,0.0,0,0,32.0,0.622828125,0,120.0
2/12/2015,Quarter2,sweing,Thursday,4,0.7,30.1,0.7335030289485696,7080,0,0.0,0,1,59.0,0.637711864,0,120.0
3/1/2015,Quarter1,sweing,Sunday,4,0.6,26.66,0.7444938952911189,6840,23,0.0,0,0,57.0,0.600239766,1,120.0
1/4/2015,Quarter1,finishing,Sunday,8,0.8,2.9,,960,0,0.0,0,0,8.0,0.682708333,0,120.0
2/4/2015,Quarter1,finishing,Wednesday,1,0.8,3.94,,1200,0,0.0,0,0,10.0,0.929183333,1,120.0
2/28/2015,Quarter4,finishing,Saturday,5,0.8,4.6,,7560,0,0.0,0,0,18.0,0.921604938,1,420.0
2/8/2015,Quarter2,finishing,Sunday,7,0.7,4.15,,1440,0,0.0,0,0,12.0,0.928680556,1,120.0
3/10/2015,Quarter2,finishing,Tuesday,12,0.8,4.6,,1080,0,0.0,0,0,9.0,0.92,1,120.0
2/24/2015,Quarter4,sweing,Tuesday,8,0.7,29.4,0.7533609344247051,4560,40,0.0,0,2,58.0,0.700518519,1,78.62068965517241
1/7/2015,Quarter1,finishing,Wednesday,9,0.8,3.94,,1440,0,0.0,0,0,8.0,0.880530303,1,180.0
2/5/2015,Quarter1,sweing,Thursday,8,0.7,24.26,0.7548508548472486,6840,0,0.0,0,0,57.0,0.496549708,0,120.0
1/21/2015,Quarter3,sweing,Wednesday,7,0.5,22.52,0.7619211883641627,10080,23,0.0,0,0,56.0,0.500241342,1,180.0
1/15/2015,Quarter3,sweing,Thursday,6,0.8,11.61,0.7534493879407537,4950,38,0.0,0,0,31.5,0.80003139,1,157.14285714285714
2/8/2015,Quarter2,sweing,Sunday,2,0.8,22.52,0.7558836825772681,6900,113,0.0,0,0,57.5,1.000018551,1,120.0
1/4/2015,Quarter1,sweing,Sunday,7,0.8,25.9,0.755792517598617,7020,60,0.0,0,0,56.5,0.850436438,1,124.24778761061947
1/20/2015,Quarter3,sweing,Tuesday,12,0.5,15.26,0.757590616778631,3720,23,0.0,0,0,34.0,0.500290419,1,109.41176470588235
2/15/2015,Quarter3,finishing,Sunday,11,0.6,2.9,,1200,0,0.0,0,0,10.0,0.715333333,1,120.0
1/12/2015,Quarter2,finishing,Monday,3,0.8,4.15,,1800,0,0.0,0,0,10.0,0.905454545,1,180.0
1/6/2015,Quarter1,sweing,Tuesday,5,0.65,21.98,0.7476729568466899,10440,35,0.0,0,0,58.0,0.649983281,0,180.0
1/1/2015,Quarter1,sweing,Thursday,6,0.8,25.9,0.754899284887203,1920,50,0.0,0,0,56.0,0.800381944,1,34.285714285714285
2/5/2015,Quarter1,sweing,Thursday,1,0.8,22.52,0.7593003358091945,6900,113,0.0,0,0,57.5,1.000018551,1,120.0
3/1/2015,Quarter1,finishing,Sunday,3,0.8,4.6,,10500,0,0.0,0,0,25.0,0.936355556,1,420.0
1/4/2015,Quarter1,finishing,Sunday,2,0.8,3.94,,960,0,0.0,0,0,8.0,0.792104167,0,120.0
1/15/2015,Quarter3,finishing,Thursday,9,0.8,3.94,,1440,0,0.0,0,0,8.0,0.858143939,1,180.0
3/7/2015,Quarter1,sweing,Saturday,1,0.7,26.82,0.7563905791920482,8160,70,0.0,0,0,58.0,0.850045,1,140.68965517241378
1/26/2015,Quarter4,sweing,Monday,4,0.8,22.52,0.7522029960560193,10170,60,0.0,0,0,56.5,0.850312684,1,180.0
2/28/2015,Quarter4,sweing,Saturday,11,0.8,11.61,0.7509771739726283,0,50,0.0,0,2,58.0,0.800779018,1,0.0
2/15/2015,Quarter3,sweing,Sunday,2,0.8,22.52,0.5989937658314455,6900,0,0.0,0,0,57.5,0.432122899,0,120.0
2/18/2015,Quarter3,sweing,Wednesday,10,0.7,19.68,0.7540553422230732,5640,0,8.0,35,1,47.0,0.303574468,0,120.0
2/9/2015,Quarter2,finishing,Monday,12,0.8,4.08,,1080,0,0.0,0,0,9.0,0.272,0,120.0
1/18/2015,Quarter3,sweing,Sunday,8,0.8,25.9,0.7566957087398792,10170,38,0.0,0,0,56.5,0.800128721,1,180.0
1/20/2015,Quarter3,sweing,Tuesday,4,0.7,22.52,0.7515619550260532,10260,63,0.0,0,0,57.0,0.750068049,1,180.0
2/19/2015,Quarter3,finishing,Thursday,12,0.8,5.13,,2160,0,0.0,0,0,9.0,0.609583333,0,240.0
1/18/2015,Quarter3,finishing,Sunday,8,0.8,2.9,,1440,0,0.0,0,0,8.0,0.639867424,0,180.0
1/10/2015,Quarter2,finishing,Saturday,3,0.75,4.15,,2760,0,0.0,0,0,12.0,0.930340376,1,230.0
1/7/2015,Quarter1,sweing,Wednesday,11,0.8,31.83,0.7403007620823179,9900,40,0.0,0,0,55.0,0.412119835,0,180.0
3/5/2015,Quarter1,finishing,Thursday,8,0.8,4.6,,2640,0,0.0,0,0,22.0,0.980984848,1,120.0
2/2/2015,Quarter1,finishing,Monday,8,0.65,4.15,,960,0,0.0,0,0,8.0,0.561979167,0,120.0
2/10/2015,Quarter2,sweing,Tuesday,2,0.8,22.52,0.7596254234469256,0,88,0.0,0,0,57.0,0.899984058,1,0.0
2/8/2015,Quarter2,sweing,Sunday,12,0.8,15.26,0.7523923899349364,2880,63,0.0,0,0,34.0,0.800355208,1,84.70588235294117
1/4/2015,Quarter1,sweing,Sunday,2,0.8,28.08,0.7470099221156924,6660,50,0.0,0,0,55.5,0.800237838,1,120.0
2/11/2015,Quarter2,sweing,Wednesday,7,0.6,30.1,0.7481901925448925,3360,23,0.0,0,1,58.0,0.600070513,1,57.93103448275862
2/16/2015,Quarter3,sweing,Monday,11,0.7,11.41,0.7441290016903946,2160,30,0.0,0,2,54.0,0.565972222,0,40.0
1/21/2015,Quarter3,finishing,Wednesday,2,0.7,3.94,,5100,0,0.0,0,0,17.0,0.912202112,1,300.0
3/9/2015,Quarter2,finishing,Monday,8,0.65,3.9,,0,960,0.0,0,0,8.0,0.2640625,0,0.0
1/8/2015,Quarter2,finishing,Thursday,8,0.8,2.9,,1440,0,0.0,0,0,8.0,0.735984848,0,180.0
1/27/2015,Quarter4,sweing,Tuesday,9,0.7,29.12,0.7567818117930138,6960,50,0.0,0,0,58.0,0.700386207,1,120.0
2/7/2015,Quarter1,finishing,Saturday,4,0.8,4.3,,960,0,0.0,0,0,8.0,0.447916667,0,120.0
1/24/2015,Quarter4,finishing,Saturday,3,0.75,3.94,,1440,0,0.0,0,0,8.0,0.895454545,1,180.0
2/23/2015,Quarter4,sweing,Monday,6,0.75,18.79,0.7537292259951875,3960,45,0.0,0,0,33.0,0.75065101,1,120.0
2/24/2015,Quarter4,sweing,Tuesday,6,0.75,18.79,0.7501133888044963,3360,45,0.0,0,0,33.0,0.75065101,1,101.81818181818181
1/19/2015,Quarter3,finishing,Monday,5,0.65,4.15,,1440,0,0.0,0,0,8.0,0.958901515,1,180.0
1/3/2015,Quarter1,finishing,Saturday,4,0.8,4.15,,6600,0,0.0,0,0,20.0,0.988024691,1,330.0
2/9/2015,Quarter2,sweing,Monday,11,0.75,10.05,0.6954166918442202,0,45,0.0,0,0,54.0,0.750648148,1,0.0
1/3/2015,Quarter1,finishing,Saturday,10,0.7,4.15,,960,0,0.0,0,0,8.0,0.7018125,1,120.0
2/18/2015,Quarter3,finishing,Wednesday,6,0.8,2.9,,1440,0,0.0,0,0,12.0,0.936861111,1,120.0
1/29/2015,Quarter5,finishing,Thursday,11,0.6,2.9,,960,0,0.0,0,0,8.0,0.864583333,1,120.0
2/18/2015,Quarter3,sweing,Wednesday,4,0.8,30.1,0.7490185046810353,480,50,0.0,0,1,58.0,0.800980392,1,8.275862068965518
3/4/2015,Quarter1,sweing,Wednesday,6,0.75,18.79,0.6713352524602902,3960,0,0.0,0,0,33.0,0.332146465,0,120.0
1/24/2015,Quarter4,sweing,Saturday,11,0.75,42.97,0.7566091312069287,10260,56,0.0,0,0,57.0,0.750041201,1,180.0
2/17/2015,Quarter3,sweing,Tuesday,9,0.65,18.79,0.7655386110767268,5520,0,0.0,0,1,51.0,0.650134,1,108.23529411764706
1/31/2015,Quarter5,sweing,Saturday,5,0.7,50.89,0.7239751340733026,5880,56,0.0,0,0,59.0,0.656763743,0,99.66101694915254
2/14/2015,Quarter2,finishing,Saturday,8,0.7,4.15,,960,0,0.0,0,0,8.0,0.725625,1,120.0
3/4/2015,Quarter1,sweing,Wednesday,8,0.8,29.4,0.648150460701653,6840,0,0.0,0,0,57.0,0.433263158,0,120.0
2/23/2015,Quarter4,finishing,Monday,3,0.8,5.13,,2160,0,0.0,0,0,18.0,0.87115,1,120.0
1/3/2015,Quarter1,finishing,Saturday,8,0.8,2.9,,960,0,0.0,0,0,8.0,0.628333333,0,120.0
1/11/2015,Quarter2,sweing,Sunday,1,0.8,26.16,0.7580063138838657,10620,75,0.0,0,0,59.0,0.850502311,1,180.0
1/14/2015,Quarter2,sweing,Wednesday,8,0.8,25.9,0.7556547784511175,10170,60,0.0,0,0,56.5,0.850136766,1,180.0
2/17/2015,Quarter3,sweing,Tuesday,4,0.75,30.1,0.7486684945196228,7020,45,0.0,0,1,58.0,0.750356125,1,121.03448275862068
3/5/2015,Quarter1,sweing,Thursday,5,0.7,27.48,0.7187352243580319,6960,40,0.0,0,0,58.0,0.700424138,1,120.0
3/10/2015,Quarter2,sweing,Tuesday,8,0.7,30.48,0.7503282577669101,6840,30,0.0,0,1,57.0,0.700505263,1,120.0
2/15/2015,Quarter3,sweing,Sunday,9,0.5,18.79,0.7615898853583208,5280,0,0.0,0,1,54.0,0.283054487,0,97.77777777777777
3/11/2015,Quarter2,finishing,Wednesday,3,0.8,4.6,,1920,0,0.0,0,0,8.0,0.786631944,0,240.0
1/28/2015,Quarter4,sweing,Wednesday,12,0.75,15.26,0.7586033430015336,3600,45,0.0,0,0,35.0,0.750283333,1,102.85714285714286
1/10/2015,Quarter2,sweing,Saturday,8,0.8,25.9,0.7547046770289663,10170,60,0.0,0,0,56.5,0.850136766,1,180.0
2/7/2015,Quarter1,sweing,Saturday,3,0.8,22.52,0.7530203299713444,6840,100,0.0,0,0,57.0,0.950185965,1,120.0
2/8/2015,Quarter2,finishing,Sunday,2,0.8,3.94,,2160,0,0.0,0,0,18.0,0.875555556,1,120.0
2/19/2015,Quarter3,sweing,Thursday,3,0.7,30.1,0.7205960711159803,6960,50,0.0,0,1,58.0,0.700603448,1,120.0
1/17/2015,Quarter3,sweing,Saturday,1,0.8,48.68,0.7106595770106401,10620,63,0.0,0,0,59.0,0.800117103,1,180.0
2/5/2015,Quarter1,finishing,Thursday,7,0.7,3.94,,1200,0,0.0,0,0,10.0,0.8471,1,120.0
3/11/2015,Quarter2,sweing,Wednesday,4,0.75,26.82,0.7529112659029238,7080,45,0.0,0,0,59.0,0.750050847,1,120.0
2/9/2015,Quarter2,finishing,Monday,8,0.35,4.15,,1800,0,0.0,0,0,15.0,0.707111111,1,120.0
2/22/2015,Quarter4,finishing,Sunday,11,0.6,2.9,,2880,0,0.0,0,0,12.0,0.805555556,1,240.0
2/2/2015,Quarter1,sweing,Monday,4,0.8,22.52,0.7995107358697108,5940,50,0.0,0,0,56.5,0.800393224,1,105.13274336283186
3/9/2015,Quarter2,sweing,Monday,9,0.75,18.79,0.7552657730124316,6240,45,0.0,0,0,52.0,0.750395513,1,120.0
2/12/2015,Quarter2,sweing,Thursday,12,0.8,15.26,0.7496973257474212,4080,50,0.0,0,0,34.0,0.800401961,1,120.0
2/16/2015,Quarter3,finishing,Monday,6,0.8,2.9,,960,0,0.0,0,0,8.0,0.773333333,0,120.0
1/1/2015,Quarter1,sweing,Thursday,4,0.65,23.69,0.7489490839068937,7200,0,0.0,0,0,60.0,0.52118,0,120.0
1/8/2015,Quarter2,finishing,Thursday,4,0.8,3.94,,12600,0,0.0,0,0,20.0,0.919905405,1,630.0
1/19/2015,Quarter3,sweing,Monday,8,0.8,25.9,0.7579665671842601,3630,50,0.0,0,0,56.5,0.800162602,1,64.24778761061947
1/14/2015,Quarter2,sweing,Wednesday,11,0.35,14.61,0.7484071096093258,7200,23,0.0,0,0,55.0,0.35003125,1,130.9090909090909
2/25/2015,Quarter4,sweing,Wednesday,5,0.8,30.1,0.6124288945957818,1200,49,0.0,0,1,59.0,0.598792339,0,20.338983050847457
3/11/2015,Quarter2,finishing,Wednesday,4,0.75,3.94,,1920,0,0.0,0,0,8.0,0.813309028,1,240.0
1/11/2015,Quarter2,finishing,Sunday,7,0.8,2.9,,1440,0,0.0,0,0,8.0,0.590435606,0,180.0
1/7/2015,Quarter1,sweing,Wednesday,4,0.8,28.08,0.751700045708134,10350,50,0.0,0,0,57.5,0.800594466,1,180.0
3/10/2015,Quarter2,finishing,Tuesday,8,0.65,3.9,,960,0,0.0,0,0,8.0,0.560625,0,120.0
3/3/2015,Quarter1,sweing,Tuesday,7,0.8,30.1,0.6465873928647587,7080,50,0.0,0,0,59.0,0.800115819,1,120.0
2/4/2015,Quarter1,sweing,Wednesday,12,0.8,15.26,0.7536248547215817,4080,38,0.0,0,0,34.0,0.800401961,1,120.0
1/11/2015,Quarter2,sweing,Sunday,6,0.8,11.41,0.749541382208419,5490,50,0.0,0,0,30.5,0.800343766,1,180.0
1/18/2015,Quarter3,finishing,Sunday,6,0.8,2.9,,1800,0,0.0,0,0,10.0,0.804848485,1,180.0
1/28/2015,Quarter4,sweing,Wednesday,7,0.6,23.54,0.7510590788290236,6600,0,0.0,0,0,55.0,0.285333333,0,120.0
3/2/2015,Quarter1,finishing,Monday,1,0.65,3.94,,3360,0,0.0,0,0,8.0,0.537919444,0,420.0
3/3/2015,Quarter1,sweing,Tuesday,4,0.7,26.66,0.7508948604285768,6960,50,0.0,0,0,58.0,0.750770115,1,120.0
2/28/2015,Quarter4,finishing,Saturday,2,0.7,3.9,,960,0,0.0,0,0,8.0,0.5565625,0,120.0
2/12/2015,Quarter2,sweing,Thursday,11,0.5,11.41,0.7526353567089923,2280,0,0.0,0,2,55.0,0.50012336,1,41.45454545454545
2/26/2015,Quarter4,sweing,Thursday,3,0.75,29.4,0.7560494658380974,6840,45,0.0,0,2,57.0,0.750473684,1,120.0
1/29/2015,Quarter5,sweing,Thursday,7,0.65,23.54,0.7482144325825992,6600,0,0.0,0,0,55.0,0.48792,0,120.0
1/22/2015,Quarter4,finishing,Thursday,10,0.75,3.94,,8400,0,0.0,0,0,14.0,0.940701058,1,600.0
1/4/2015,Quarter1,sweing,Sunday,9,0.8,26.16,0.756551146835465,7080,60,0.0,0,0,59.0,0.850569492,1,120.0
1/27/2015,Quarter4,sweing,Tuesday,11,0.5,48.18,0.7566091312069287,6480,23,0.0,0,0,54.0,0.37046657,0,120.0
1/10/2015,Quarter2,finishing,Saturday,2,0.8,3.94,,1440,0,0.0,0,0,8.0,0.817102273,1,180.0
3/3/2015,Quarter1,finishing,Tuesday,10,0.7,2.9,,3360,0,0.0,0,0,8.0,0.463194444,0,420.0
1/11/2015,Quarter2,finishing,Sunday,4,0.8,3.94,,3600,0,0.0,0,0,20.0,0.925643939,1,180.0
1/1/2015,Quarter1,finishing,Thursday,7,0.8,2.9,,960,0,0.0,0,0,8.0,0.540729167,0,120.0
1/29/2015,Quarter5,finishing,Thursday,2,0.8,3.94,,1200,0,0.0,0,0,10.0,0.773333333,0,120.0
1/4/2015,Quarter1,sweing,Sunday,4,0.8,28.08,0.7493387195300698,4260,50,0.0,0,0,55.5,0.800598058,1,76.75675675675676
1/11/2015,Quarter2,sweing,Sunday,4,0.8,50.48,0.7400705433712848,10440,0,0.0,0,0,58.0,0.473134796,0,180.0
2/1/2015,Quarter1,sweing,Sunday,3,0.8,22.52,0.7541400743606642,6840,100,0.0,0,0,57.0,0.950185965,1,120.0
1/29/2015,Quarter5,sweing,Thursday,6,0.5,18.79,0.7452303640824519,3960,23,0.0,0,0,33.0,0.500117677,1,120.0
3/7/2015,Quarter1,finishing,Saturday,1,0.7,3.94,,960,0,0.0,0,0,8.0,0.664875,0,120.0
2/25/2015,Quarter4,sweing,Wednesday,8,0.7,29.4,0.7486212708586293,6960,30,0.0,0,1,58.0,0.700362069,1,120.0
2/18/2015,Quarter3,sweing,Wednesday,5,0.8,30.1,0.7379859796933045,0,0,0.0,0,0,59.0,0.800980392,1,0.0
2/28/2015,Quarter4,sweing,Saturday,5,0.5,27.48,0.7417995863081519,6840,30,0.0,0,1,57.0,0.550403509,1,120.0
1/28/2015,Quarter4,finishing,Wednesday,1,0.75,3.94,,1200,0,0.0,0,0,10.0,0.9456,1,120.0
3/8/2015,Quarter2,finishing,Sunday,8,0.6,3.9,,960,0,0.0,0,0,8.0,0.4509375,0,120.0
1/17/2015,Quarter3,sweing,Saturday,6,0.8,11.41,0.7531466509411052,5490,63,0.0,0,0,30.5,0.800343766,1,180.0
3/3/2015,Quarter1,finishing,Tuesday,3,0.8,4.6,,6300,0,0.0,0,0,15.0,0.902962963,1,420.0
2/16/2015,Quarter3,finishing,Monday,5,0.75,4.15,,1200,0,0.0,0,0,10.0,0.629416667,0,120.0
2/25/2015,Quarter4,sweing,Wednesday,2,0.7,30.33,0.7300132559620708,3960,30,0.0,0,1,58.0,0.700069811,1,68.27586206896552
1/13/2015,Quarter2,finishing,Tuesday,5,0.65,4.15,,1440,0,0.0,0,0,8.0,0.821354167,1,180.0
1/3/2015,Quarter1,sweing,Saturday,8,0.8,26.16,0.7563023019086407,7080,50,0.0,0,0,59.0,0.800318644,1,120.0
1/17/2015,Quarter3,finishing,Saturday,9,0.8,3.94,,1800,0,0.0,0,0,10.0,0.82680303,1,180.0
3/9/2015,Quarter2,sweing,Monday,5,0.6,26.82,0.7502426436193843,7080,23,0.0,0,1,59.0,0.600040678,1,120.0
1/26/2015,Quarter4,finishing,Monday,3,0.75,3.94,,1800,0,0.0,0,0,10.0,1.059621212,1,180.0
3/10/2015,Quarter2,finishing,Tuesday,2,0.7,3.9,,960,0,0.0,0,0,8.0,0.741,1,120.0
1/21/2015,Quarter3,sweing,Wednesday,1,0.65,22.94,0.7605835598743874,10260,34,0.0,0,0,57.0,0.700029771,1,180.0
1/13/2015,Quarter2,sweing,Tuesday,2,0.8,28.08,0.7454025570525455,10530,50,0.0,0,0,58.5,0.8,1,180.0
1/3/2015,Quarter1,sweing,Saturday,9,0.7,28.08,0.7532362808269639,6900,40,0.0,0,0,57.5,0.699965217,0,120.0
2/8/2015,Quarter2,finishing,Sunday,6,0.75,2.9,,960,0,0.0,0,0,8.0,0.610208333,0,120.0
2/14/2015,Quarter2,sweing,Saturday,1,0.8,22.52,0.7584369371695807,6840,113,0.0,0,0,57.0,1.000230409,1,120.0
3/11/2015,Quarter2,finishing,Wednesday,1,0.75,3.94,,1920,0,0.0,0,0,8.0,0.812625,1,240.0
1/22/2015,Quarter4,sweing,Thursday,2,0.7,22.94,0.7596015778206161,10620,60,0.0,0,0,57.0,0.800302791,1,186.31578947368422
1/27/2015,Quarter4,finishing,Tuesday,1,0.75,3.94,,1200,0,0.0,0,0,10.0,0.77815,1,120.0
2/22/2015,Quarter4,sweing,Sunday,5,0.8,30.1,0.7351363327228854,5700,0,4.5,25,0,60.0,0.307501459,0,95.0
3/11/2015,Quarter2,sweing,Wednesday,12,0.8,15.26,0.7361195495411841,4080,63,0.0,0,0,34.0,0.800401961,1,120.0
2/9/2015,Quarter2,finishing,Monday,9,0.8,3.94,,960,0,0.0,0,0,8.0,0.697708333,0,120.0
1/3/2015,Quarter1,sweing,Saturday,10,0.75,19.31,0.741834618250652,6480,56,0.0,0,0,54.0,0.787299691,1,120.0
3/2/2015,Quarter1,finishing,Monday,2,0.7,3.9,,1200,0,0.0,0,0,10.0,0.92885,1,120.0
3/3/2015,Quarter1,sweing,Tuesday,6,0.75,20.2,0.7325439567319019,3120,45,0.0,0,0,33.0,0.750212553,1,94.54545454545455
1/12/2015,Quarter2,finishing,Monday,4,0.35,4.3,,3240,0,0.0,0,0,18.0,0.942213805,1,180.0
3/7/2015,Quarter1,finishing,Saturday,8,0.8,4.6,,3600,0,0.0,0,0,15.0,0.590740741,0,240.0
3/8/2015,Quarter2,finishing,Sunday,4,0.75,3.94,,960,0,0.0,0,0,8.0,0.890604167,1,120.0
2/26/2015,Quarter4,sweing,Thursday,11,0.8,11.61,0.747871867073359,2820,50,0.0,0,2,57.0,0.800516667,1,49.473684210526315
1/29/2015,Quarter5,finishing,Thursday,6,0.5,2.9,,1200,0,0.0,0,0,10.0,0.899,1,120.0
2/24/2015,Quarter4,sweing,Tuesday,2,0.7,30.33,0.7328879705658047,1680,30,0.0,0,1,59.0,0.700623,1,28.47457627118644
2/28/2015,Quarter4,sweing,Saturday,6,0.75,18.79,0.7521266188024063,3960,45,0.0,0,0,33.0,0.75065101,1,120.0
3/11/2015,Quarter2,sweing,Wednesday,3,0.8,30.1,0.7457418785401483,6960,63,0.0,0,1,58.0,0.800071839,1,120.0
3/5/2015,Quarter1,finishing,Thursday,9,0.75,2.9,,960,0,0.0,0,0,8.0,0.453125,0,120.0
2/16/2015,Quarter3,sweing,Monday,10,0.6,18.22,0.7542579531875296,5280,0,0.0,0,1,44.0,0.35542803,0,120.0
2/2/2015,Quarter1,sweing,Monday,8,0.65,24.26,0.7586795456662709,6600,0,0.0,0,0,55.0,0.260978788,0,120.0
1/10/2015,Quarter2,sweing,Saturday,12,0.8,11.61,0.7496751371413732,4710,50,0.0,0,0,31.5,0.800346445,1,149.52380952380952
2/9/2015,Quarter2,sweing,Monday,12,0.8,15.26,0.7513023786149955,4080,63,0.0,0,0,34.0,0.800401961,1,120.0
3/8/2015,Quarter2,finishing,Sunday,6,0.6,2.9,,960,0,0.0,0,0,8.0,0.271875,0,120.0
1/10/2015,Quarter2,sweing,Saturday,1,0.8,26.16,0.7573578560177063,10620,63,0.0,0,0,59.0,0.800117103,1,180.0
2/17/2015,Quarter3,sweing,Tuesday,2,0.5,30.33,0.7484071096093258,6720,0,0.0,0,1,56.0,0.361071429,0,120.0
2/10/2015,Quarter2,finishing,Tuesday,8,0.35,4.15,,960,0,0.0,0,0,8.0,0.703770833,1,120.0
3/1/2015,Quarter1,finishing,Sunday,9,0.75,2.9,,960,0,0.0,0,0,8.0,0.447083333,0,120.0
2/22/2015,Quarter4,sweing,Sunday,9,0.7,18.79,0.7618904370787606,3240,30,0.0,0,1,57.0,0.627011183,0,56.8421052631579
2/23/2015,Quarter4,sweing,Monday,8,0.7,29.4,0.7536248547215817,6840,40,0.0,0,2,57.0,0.700614035,1,120.0
2/24/2015,Quarter4,finishing,Tuesday,6,0.75,2.9,,1800,0,0.0,0,0,15.0,0.726933333,0,120.0
3/11/2015,Quarter2,finishing,Wednesday,9,0.75,2.9,,1800,0,0.0,0,0,15.0,0.505888889,0,120.0
1/10/2015,Quarter2,sweing,Saturday,9,0.8,26.16,0.754106235117088,10620,75,0.0,0,0,59.0,0.851174114,1,180.0
2/28/2015,Quarter4,sweing,Saturday,9,0.75,18.79,0.7484787996694332,6240,45,0.0,0,1,52.0,0.750395513,1,120.0
3/1/2015,Quarter1,finishing,Sunday,4,0.6,3.94,,960,0,0.0,0,0,8.0,0.673083333,1,120.0
1/29/2015,Quarter5,sweing,Thursday,9,0.7,29.12,0.754899284887203,6960,53,0.0,0,0,58.0,0.850170115,1,120.0
1/7/2015,Quarter1,finishing,Wednesday,2,0.8,3.94,,1440,0,0.0,0,0,8.0,0.813371212,1,180.0
1/13/2015,Quarter2,finishing,Tuesday,2,0.8,3.94,,1440,0,0.0,0,0,8.0,0.805909091,1,180.0
2/28/2015,Quarter4,sweing,Saturday,4,0.5,26.66,0.7398373523440822,6960,23,0.0,0,2,58.0,0.500258046,1,120.0
2/19/2015,Quarter3,finishing,Thursday,10,0.8,3.94,,2400,0,0.0,0,0,10.0,0.733277778,0,240.0
1/6/2015,Quarter1,finishing,Tuesday,7,0.8,2.9,,1440,0,0.0,0,0,8.0,0.61625,0,180.0
1/25/2015,Quarter4,finishing,Sunday,4,0.75,4.3,,2160,0,0.0,0,0,12.0,0.952020202,1,180.0
1/25/2015,Quarter4,finishing,Sunday,3,0.75,3.94,,1620,0,0.0,0,0,9.0,0.961784512,1,180.0
2/5/2015,Quarter1,finishing,Thursday,12,0.8,4.08,,1080,0,0.0,0,0,9.0,0.906666667,1,120.0
2/3/2015,Quarter1,sweing,Tuesday,2,0.8,22.52,0.7588934327264723,6960,100,0.0,0,0,58.0,0.949981609,1,120.0
3/4/2015,Quarter1,sweing,Wednesday,4,0.7,26.82,0.7524300061704956,6960,60,0.0,0,0,58.0,0.799975862,1,120.0
2/24/2015,Quarter4,sweing,Tuesday,10,0.7,21.25,0.7630452493044806,6360,0,0.0,0,1,53.0,0.471108491,0,120.0
2/8/2015,Quarter2,sweing,Sunday,7,0.7,24.26,0.7065112416387991,6960,0,0.0,0,0,58.0,0.355534483,0,120.0
1/7/2015,Quarter1,sweing,Wednesday,7,0.8,25.9,0.7531286652740902,10170,50,0.0,0,0,56.5,0.800128721,1,180.0
1/4/2015,Quarter1,finishing,Sunday,10,0.7,3.94,,4320,0,0.0,0,0,18.0,0.759228395,1,240.0
1/10/2015,Quarter2,finishing,Saturday,9,0.8,3.94,,1440,0,0.0,0,0,8.0,0.858143939,1,180.0
1/24/2015,Quarter4,sweing,Saturday,10,0.75,22.52,0.757316417944825,10080,69,0.0,0,0,56.0,0.80062987,1,180.0
3/11/2015,Quarter2,sweing,Wednesday,2,0.75,16.1,0.7513224922078446,5400,45,0.0,0,1,45.0,0.750140741,1,120.0
1/12/2015,Quarter2,sweing,Monday,2,0.8,28.08,0.7457977888270291,10530,63,0.0,0,0,58.5,0.8,1,180.0
3/9/2015,Quarter2,sweing,Monday,4,0.75,26.82,0.7533609344247051,7020,65,0.0,0,0,58.0,0.850446154,1,121.03448275862068
2/8/2015,Quarter2,sweing,Sunday,1,0.8,22.52,0.7608056920402566,6780,88,0.0,0,0,56.5,0.900135693,1,120.0
3/7/2015,Quarter1,sweing,Saturday,3,0.8,29.4,0.7515619550260532,6840,63,0.0,0,1,57.0,0.800578947,1,120.0
1/13/2015,Quarter2,finishing,Tuesday,7,0.8,2.9,,1440,0,0.0,0,0,8.0,0.670075758,0,180.0
1/1/2015,Quarter1,sweing,Thursday,2,0.75,19.87,0.7456857863085201,6000,34,0.0,0,0,55.0,0.753097531,1,109.0909090909091
1/10/2015,Quarter2,sweing,Saturday,2,0.8,28.08,0.7461294902385328,10350,63,0.0,0,0,57.5,0.800594466,1,180.0
1/3/2015,Quarter1,sweing,Saturday,4,0.7,23.69,0.7393617632851421,13800,0,0.0,0,0,60.0,0.700134038,1,230.0
1/26/2015,Quarter4,sweing,Monday,12,0.7,15.26,0.7573854204620813,6120,40,0.0,0,0,34.0,0.70043672,1,180.0
2/7/2015,Quarter1,sweing,Saturday,4,0.6,30.1,0.7368704497244931,6780,30,0.0,0,1,57.0,0.600224189,1,118.94736842105263
1/14/2015,Quarter2,sweing,Wednesday,4,0.6,22.4,0.747871867073359,5100,23,0.0,0,0,57.0,0.600369686,1,89.47368421052632
1/18/2015,Quarter3,sweing,Sunday,7,0.8,48.84,0.7423179533911585,10170,50,0.0,0,0,56.5,0.800128721,1,180.0
2/23/2015,Quarter4,sweing,Monday,3,0.7,29.4,0.7558077482710622,6960,30,0.0,0,2,58.0,0.700362069,1,120.0
3/3/2015,Quarter1,finishing,Tuesday,6,0.75,2.9,,3360,0,0.0,0,0,8.0,0.309333333,0,420.0
2/22/2015,Quarter4,sweing,Sunday,7,0.75,30.1,0.742419834874445,6960,0,3.5,20,1,58.0,0.393548851,0,120.0
2/2/2015,Quarter1,finishing,Monday,12,0.75,4.08,,1080,0,0.0,0,0,9.0,0.740444444,0,120.0
2/5/2015,Quarter1,finishing,Thursday,6,0.7,2.9,,960,0,0.0,0,0,8.0,0.9425,1,120.0
3/9/2015,Quarter2,finishing,Monday,1,0.75,3.94,,0,960,0.0,0,0,8.0,0.794566667,1,0.0
3/3/2015,Quarter1,sweing,Tuesday,11,0.8,11.41,0.741516823499443,0,50,0.0,0,0,56.0,0.800701754,1,0.0
3/5/2015,Quarter1,finishing,Thursday,3,0.8,4.6,,1800,0,0.0,0,0,15.0,0.810111111,1,120.0
1/15/2015,Quarter3,finishing,Thursday,5,0.65,4.15,,1440,0,0.0,0,0,8.0,0.860653409,1,180.0
2/4/2015,Quarter1,sweing,Wednesday,6,0.7,18.79,0.7507081408689846,3360,30,0.0,0,0,33.0,0.700710417,1,101.81818181818181
1/17/2015,Quarter3,sweing,Saturday,5,0.7,41.19,0.7528747476834344,10440,21,0.0,0,0,58.0,0.452012539,0,180.0
3/1/2015,Quarter1,sweing,Sunday,6,0.75,18.79,0.7552657730124316,3960,45,0.0,0,0,33.0,0.75065101,1,120.0
1/24/2015,Quarter4,sweing,Saturday,8,0.35,15.09,0.7588433724838183,9360,23,0.0,0,0,52.0,0.34998951,0,180.0
1/10/2015,Quarter2,finishing,Saturday,4,0.8,3.94,,6000,0,0.0,0,0,20.0,0.911589744,1,300.0
2/26/2015,Quarter4,sweing,Thursday,7,0.8,30.1,0.7445539751006633,4080,50,0.0,0,1,59.0,0.800808642,1,69.15254237288136
1/27/2015,Quarter4,sweing,Tuesday,8,0.65,15.09,0.75142269280098,240,23,0.0,0,0,52.0,0.650307143,1,4.615384615384615
2/26/2015,Quarter4,sweing,Thursday,8,0.75,29.4,0.7501781419544866,6960,56,0.0,0,2,58.0,0.750206897,1,120.0
3/1/2015,Quarter1,sweing,Sunday,12,0.8,15.26,0.7538329256595839,4080,63,0.0,0,0,34.0,0.800401961,1,120.0
2/15/2015,Quarter3,finishing,Sunday,8,0.7,4.15,,960,0,0.0,0,0,8.0,0.605208333,0,120.0
2/7/2015,Quarter1,sweing,Saturday,10,0.8,22.52,0.7544414586236828,6720,88,0.0,0,0,56.0,0.900129762,1,120.0
3/11/2015,Quarter2,sweing,Wednesday,1,0.75,26.82,0.7571774922713038,7080,45,0.0,0,0,59.0,0.750050847,1,120.0
3/11/2015,Quarter2,finishing,Wednesday,6,0.7,2.9,,720,0,0.0,0,0,6.0,0.394722222,0,120.0
2/1/2015,Quarter1,sweing,Sunday,10,0.8,22.52,0.7566091312069287,6720,75,0.0,0,0,56.0,0.850532143,1,120.0
2/7/2015,Quarter1,sweing,Saturday,1,0.8,22.52,0.7598853026148364,6780,88,0.0,0,0,57.0,0.900135693,1,118.94736842105263
2/25/2015,Quarter4,sweing,Wednesday,10,0.7,21.82,0.7612189772332584,6240,0,0.0,0,2,52.0,0.700058333,1,120.0
2/25/2015,Quarter4,sweing,Wednesday,12,0.8,15.26,0.7528930170637362,4080,50,0.0,0,0,34.0,0.800401961,1,120.0
1/28/2015,Quarter4,sweing,Wednesday,9,0.7,29.12,0.7574266761226217,6960,63,0.0,0,0,58.0,0.750593103,1,120.0
2/17/2015,Quarter3,finishing,Tuesday,9,0.8,3.94,,960,0,0.0,0,0,8.0,0.586041667,0,120.0
2/10/2015,Quarter2,sweing,Tuesday,8,0.5,30.1,0.7530384362183496,6960,30,0.0,0,1,58.0,0.393548851,0,120.0
3/5/2015,Quarter1,sweing,Thursday,12,0.8,15.26,0.7510794916273305,4080,50,0.0,0,0,34.0,0.800401961,1,120.0
1/8/2015,Quarter2,sweing,Thursday,5,0.7,42.41,0.7454310899125908,10260,0,0.0,0,0,57.0,0.233705476,0,180.0
1/8/2015,Quarter2,sweing,Thursday,11,0.35,12.52,0.7244157694192165,25920,38,0.0,0,0,54.0,0.349951389,0,480.0
3/10/2015,Quarter2,finishing,Tuesday,7,0.5,3.9,,960,0,0.0,0,0,8.0,0.560625,1,120.0
2/26/2015,Quarter4,finishing,Thursday,8,0.75,4.6,,3360,0,0.0,0,0,8.0,0.376597222,0,420.0
1/20/2015,Quarter3,finishing,Tuesday,9,0.8,3.94,,1800,0,0.0,0,0,10.0,0.72830303,0,180.0
1/24/2015,Quarter4,sweing,Saturday,1,0.7,22.94,0.7591413227843914,10260,75,0.0,0,0,57.0,0.800643806,1,180.0
2/25/2015,Quarter4,sweing,Wednesday,11,0.75,11.61,0.7426886876212956,3360,45,0.0,0,0,57.0,0.750503571,1,58.94736842105263
2/26/2015,Quarter4,sweing,Thursday,2,0.7,30.33,0.7323111392168729,6960,0,0.0,0,1,58.0,0.66237931,0,120.0
3/8/2015,Quarter2,sweing,Sunday,2,0.7,16.1,0.7504346577150027,4800,30,0.0,0,1,45.0,0.700106061,1,106.66666666666667
2/8/2015,Quarter2,sweing,Sunday,3,0.8,22.52,0.756623593952739,6720,88,0.0,0,0,56.0,0.900129762,1,120.0
2/15/2015,Quarter3,sweing,Sunday,12,0.8,15.26,0.7540723244384366,1440,50,0.0,0,0,34.0,0.800806306,1,42.35294117647059
1/20/2015,Quarter3,finishing,Tuesday,8,0.8,2.9,,1440,0,0.0,0,0,8.0,0.639867424,0,180.0
1/27/2015,Quarter4,sweing,Tuesday,4,0.8,22.52,0.7538329256595839,6780,60,0.0,0,0,56.5,0.850312684,1,120.0
1/11/2015,Quarter2,finishing,Sunday,8,0.8,2.9,,1440,0,0.0,0,0,8.0,0.653598485,0,180.0
2/4/2015,Quarter1,finishing,Wednesday,7,0.7,3.94,,960,0,0.0,0,0,8.0,0.779791667,1,120.0
1/8/2015,Quarter2,finishing,Thursday,3,0.75,4.15,,2160,0,0.0,0,0,12.0,0.712626263,0,180.0
2/14/2015,Quarter2,finishing,Saturday,4,0.75,4.15,,2400,0,0.0,0,0,20.0,0.902916667,1,120.0
2/28/2015,Quarter4,finishing,Saturday,10,0.7,2.9,,3360,0,0.0,0,0,8.0,0.410833333,0,420.0
1/12/2015,Quarter2,finishing,Monday,9,0.8,3.94,,1440,0,0.0,0,0,8.0,0.858143939,1,180.0
2/22/2015,Quarter4,finishing,Sunday,7,0.7,5.13,,960,0,0.0,0,0,8.0,0.283958333,0,120.0
1/17/2015,Quarter3,finishing,Saturday,2,0.8,3.94,,1800,0,0.0,0,0,10.0,0.980909091,1,180.0
1/17/2015,Quarter3,sweing,Saturday,10,0.65,22.52,0.754786052042859,9720,35,0.0,0,0,54.0,0.650198653,1,180.0
3/5/2015,Quarter1,sweing,Thursday,7,0.8,30.1,0.7483110461570345,1200,0,4.0,40,0,59.0,0.366053523,0,20.338983050847457
1/24/2015,Quarter4,finishing,Saturday,7,0.65,3.94,,2160,0,0.0,0,0,12.0,0.870580808,1,180.0
1/7/2015,Quarter1,finishing,Wednesday,8,0.8,2.9,,1440,0,0.0,0,0,8.0,0.681060606,0,180.0
1/12/2015,Quarter2,finishing,Monday,6,0.8,2.9,,1440,0,0.0,0,0,8.0,0.817424242,1,180.0
2/18/2015,Quarter3,sweing,Wednesday,9,0.7,18.79,0.7604937891198029,4560,30,0.0,0,1,51.0,0.70009573,1,89.41176470588235
1/14/2015,Quarter2,finishing,Wednesday,7,0.8,2.9,,1440,0,0.0,0,0,8.0,0.837594697,1,180.0
3/9/2015,Quarter2,sweing,Monday,11,0.8,11.41,0.7297477878017787,3420,50,0.0,0,0,58.0,0.800034503,1,58.96551724137931
1/22/2015,Quarter4,finishing,Thursday,2,0.7,3.94,,15000,0,0.0,0,0,25.0,0.649662222,0,600.0
2/19/2015,Quarter3,sweing,Thursday,11,0.7,11.41,0.7432790482471971,3480,30,0.0,0,2,58.0,0.700540441,1,60.0
1/13/2015,Quarter2,finishing,Tuesday,3,0.8,4.15,,1620,0,0.0,0,0,9.0,0.901262626,1,180.0
2/7/2015,Quarter1,finishing,Saturday,12,0.8,4.08,,1080,0,0.0,0,0,9.0,0.899111111,1,120.0
1/1/2015,Quarter1,finishing,Thursday,1,0.75,3.94,,960,0,0.0,0,0,8.0,0.8865,1,120.0
1/7/2015,Quarter1,finishing,Wednesday,10,0.75,3.94,,1440,0,0.0,0,0,8.0,0.805909091,1,180.0
2/10/2015,Quarter2,finishing,Tuesday,1,0.8,3.94,,1440,0,0.0,0,0,12.0,0.853666667,1,120.0
2/26/2015,Quarter4,sweing,Thursday,9,0.75,18.79,0.7522790176613771,5640,45,0.0,0,1,52.0,0.750371895,1,108.46153846153847
3/5/2015,Quarter1,sweing,Thursday,11,0.8,11.41,0.7353870160647087,3420,50,0.0,0,0,56.0,0.800701754,1,61.07142857142857
1/26/2015,Quarter4,finishing,Monday,2,0.75,3.94,,1800,0,0.0,0,0,10.0,0.910378788,1,180.0
2/8/2015,Quarter2,finishing,Sunday,8,0.7,4.15,,1800,0,0.0,0,0,15.0,0.840888889,1,120.0
3/7/2015,Quarter1,sweing,Saturday,4,0.7,26.82,0.7552972464049866,6960,60,0.0,0,0,58.0,0.800746552,1,120.0
1/18/2015,Quarter3,finishing,Sunday,10,0.7,3.94,,1440,0,0.0,0,0,8.0,0.235795455,0,180.0
2/7/2015,Quarter1,sweing,Saturday,11,0.75,10.05,0.7440365738786475,3240,45,0.0,0,0,27.0,0.750027778,1,120.0
2/10/2015,Quarter2,sweing,Tuesday,7,0.5,30.1,0.752373549211638,6960,23,0.0,0,1,58.0,0.500801724,1,120.0
2/28/2015,Quarter4,sweing,Saturday,8,0.75,29.4,0.7472680026819228,4560,56,0.0,0,2,58.0,0.750425926,1,78.62068965517241
2/5/2015,Quarter1,sweing,Thursday,12,0.8,15.26,0.7534317359308014,720,38,0.0,0,0,34.0,0.800612676,1,21.176470588235293
2/5/2015,Quarter1,sweing,Thursday,5,0.7,30.1,0.7398764269452994,6960,0,0.0,0,0,58.0,0.562212644,0,120.0
3/10/2015,Quarter2,sweing,Tuesday,5,0.65,26.82,0.7519147220140372,7080,26,0.0,0,1,59.0,0.650044068,1,120.0
3/7/2015,Quarter1,finishing,Saturday,2,0.65,3.9,,1920,0,0.0,0,0,8.0,0.528125,0,240.0
2/16/2015,Quarter3,finishing,Monday,4,0.75,4.15,,1800,0,0.0,0,0,15.0,0.722333333,0,120.0
2/7/2015,Quarter1,sweing,Saturday,9,0.8,29.12,0.7481901925448925,6960,50,0.0,0,0,58.0,0.799963218,0,120.0
3/2/2015,Quarter1,sweing,Monday,3,0.8,29.4,0.755853352561508,4680,50,0.0,0,0,57.0,0.800149813,1,82.10526315789474
2/1/2015,Quarter1,sweing,Sunday,11,0.7,20.1,0.7552500129292813,6120,75,0.0,0,0,54.0,0.700508929,1,113.33333333333333
2/9/2015,Quarter2,sweing,Monday,3,0.8,22.52,0.7564491570905675,5400,50,0.0,0,0,57.0,0.800161172,1,94.73684210526316
2/2/2015,Quarter1,sweing,Monday,7,0.7,24.26,0.7695547146249191,6720,0,0.0,0,0,56.0,0.295307738,0,120.0
1/31/2015,Quarter5,finishing,Saturday,1,0.75,3.94,,1800,0,0.0,0,0,15.0,0.971866667,1,120.0
3/4/2015,Quarter1,sweing,Wednesday,9,0.75,18.79,0.7554692448083276,6240,34,0.0,0,0,52.0,0.750395513,1,120.0
1/31/2015,Quarter5,sweing,Saturday,7,0.7,23.54,0.7538845261454215,6720,0,0.0,0,0,56.0,0.388830357,0,120.0
2/12/2015,Quarter2,sweing,Thursday,3,0.35,30.1,0.7466949812845943,6960,0,0.0,0,1,58.0,0.350301724,1,120.0
3/8/2015,Quarter2,finishing,Sunday,3,0.8,4.6,,1440,0,0.0,0,0,12.0,0.951944444,1,120.0
1/28/2015,Quarter4,finishing,Wednesday,10,0.8,3.94,,1200,0,0.0,0,0,10.0,0.840533333,1,120.0
1/6/2015,Quarter1,sweing,Tuesday,12,0.8,11.61,0.7537465556941869,5310,50,0.0,0,0,31.5,0.800140969,1,168.57142857142858
3/2/2015,Quarter1,sweing,Monday,10,0.7,21.82,0.7596135052733182,3600,30,0.0,0,0,51.0,0.70013604,1,70.58823529411765
2/2/2015,Quarter1,sweing,Monday,2,0.8,22.52,0.7985721018927936,7020,88,0.0,0,0,58.5,0.900158405,1,120.0
2/12/2015,Quarter2,finishing,Thursday,5,0.7,4.15,,240,0,0.0,0,0,2.0,0.58,0,120.0
2/19/2015,Quarter3,sweing,Thursday,10,0.7,19.68,0.7583595266778345,5760,0,0.0,0,1,48.0,0.249416667,0,120.0
2/23/2015,Quarter4,sweing,Monday,7,0.75,30.1,0.7449980765751079,6960,45,0.0,0,1,58.0,0.750770115,1,120.0
3/3/2015,Quarter1,sweing,Tuesday,10,0.7,21.82,0.7570513956113144,5040,30,0.0,0,0,51.0,0.699984417,0,98.82352941176471
1/12/2015,Quarter2,sweing,Monday,12,0.8,11.61,0.7464280253430741,4470,50,0.0,0,0,31.5,0.80007657,1,141.9047619047619
1/22/2015,Quarter4,finishing,Thursday,12,0.6,4.08,,5400,0,0.0,0,0,9.0,0.327407407,0,600.0
2/16/2015,Quarter3,sweing,Monday,4,0.75,30.1,0.750091748219884,7020,0,0.0,0,1,58.0,0.750356125,1,121.03448275862068
2/22/2015,Quarter4,finishing,Sunday,12,0.8,5.13,,2400,0,0.0,0,0,10.0,0.78375,0,240.0
1/24/2015,Quarter4,sweing,Saturday,4,0.75,22.52,0.7455164068726445,10260,94,0.0,0,0,57.0,0.900321106,1,180.0
2/15/2015,Quarter3,finishing,Sunday,1,0.8,3.94,,960,0,0.0,0,0,8.0,1.1204375,1,120.0
3/7/2015,Quarter1,sweing,Saturday,9,0.75,18.79,0.7557772722612895,3480,45,0.0,0,0,51.0,0.749987124,0,68.23529411764706
3/3/2015,Quarter1,sweing,Tuesday,1,0.7,26.66,0.7602097914003012,6960,60,0.0,0,0,58.0,0.800566092,1,120.0
2/7/2015,Quarter1,finishing,Saturday,1,0.8,3.94,,1200,0,0.0,0,0,10.0,0.870083333,1,120.0
2/4/2015,Quarter1,sweing,Wednesday,11,0.7,10.05,0.7526909145729134,6120,60,0.0,0,0,53.0,0.700278846,1,115.47169811320755
2/26/2015,Quarter4,finishing,Thursday,9,0.75,2.9,,960,0,0.0,0,0,8.0,0.4078125,0,120.0
2/11/2015,Quarter2,finishing,Wednesday,1,0.8,3.94,,1440,0,0.0,0,0,12.0,0.618361111,0,120.0
2/9/2015,Quarter2,sweing,Monday,4,0.7,30.1,0.7466153307534196,3300,50,0.0,0,1,57.0,0.790003236,1,57.89473684210526
1/6/2015,Quarter1,sweing,Tuesday,6,0.8,11.61,0.7500483823395961,4470,38,0.0,0,0,31.5,0.80007657,1,141.9047619047619
2/17/2015,Quarter3,finishing,Tuesday,10,0.8,3.94,,960,0,0.0,0,0,8.0,0.927541667,1,120.0
1/24/2015,Quarter4,sweing,Saturday,12,0.75,15.26,0.757093540781176,6120,40,0.0,0,0,34.0,0.750079323,1,180.0
1/29/2015,Quarter5,sweing,Thursday,10,0.8,22.52,0.7535198036917576,6720,88,0.0,0,0,56.0,0.900129762,1,120.0
3/5/2015,Quarter1,finishing,Thursday,12,0.8,4.6,,1080,0,0.0,0,0,9.0,0.868888889,1,120.0
3/4/2015,Quarter1,sweing,Wednesday,7,0.8,30.1,0.749247852699294,3960,50,0.0,0,0,59.0,0.800055762,1,67.11864406779661
2/25/2015,Quarter4,sweing,Wednesday,7,0.8,30.1,0.7471136239101407,7080,50,0.0,0,2,59.0,0.800115819,1,120.0
2/15/2015,Quarter3,finishing,Sunday,6,0.8,2.9,,960,0,0.0,0,0,8.0,0.604166667,0,120.0
1/12/2015,Quarter2,sweing,Monday,7,0.8,25.9,0.7524862681946519,10170,60,0.0,0,0,56.5,0.850136766,1,180.0
1/8/2015,Quarter2,finishing,Thursday,2,0.8,3.94,,1440,0,0.0,0,0,8.0,0.835757576,1,180.0
3/4/2015,Quarter1,finishing,Wednesday,1,0.7,3.94,,960,0,0.0,0,0,8.0,0.806879167,1,120.0
1/4/2015,Quarter1,finishing,Sunday,3,0.75,4.15,,1560,0,0.0,0,0,8.0,0.991388889,1,195.0
3/2/2015,Quarter1,sweing,Monday,9,0.75,18.79,0.7505824791037367,6240,45,0.0,0,0,52.0,0.750395513,1,120.0
1/13/2015,Quarter2,sweing,Tuesday,3,0.8,42.27,0.7358785461612692,9900,54,0.0,0,0,55.0,0.705576584,0,180.0
1/22/2015,Quarter4,sweing,Thursday,3,0.7,22.52,0.7560494658380974,10260,63,0.0,0,0,57.0,0.750068049,1,180.0
1/17/2015,Quarter3,sweing,Saturday,9,0.8,26.16,0.754207539660286,10620,63,0.0,0,0,59.0,0.800117103,1,180.0
1/25/2015,Quarter4,finishing,Sunday,1,0.7,3.94,,1440,0,0.0,0,0,8.0,0.970075758,1,180.0
1/22/2015,Quarter4,finishing,Thursday,8,0.8,2.9,,4800,0,0.0,0,0,8.0,0.397743056,0,600.0
2/3/2015,Quarter1,sweing,Tuesday,11,0.7,25.31,0.750812134386427,5760,60,0.0,0,0,54.0,0.700513566,1,106.66666666666667
3/5/2015,Quarter1,sweing,Thursday,6,0.35,22.53,0.758868422921087,2640,0,0.0,0,1,39.0,0.26369382,0,67.6923076923077
2/7/2015,Quarter1,sweing,Saturday,6,0.75,18.79,0.7477975490773973,1560,34,0.0,0,0,33.0,0.750520115,1,47.27272727272727
1/31/2015,Quarter5,finishing,Saturday,2,0.8,3.94,,1200,0,0.0,0,0,10.0,0.971866667,1,120.0
1/5/2015,Quarter1,finishing,Monday,3,0.75,4.15,,1920,0,0.0,0,0,8.0,0.875390625,1,240.0
1/1/2015,Quarter1,finishing,Thursday,8,0.75,2.9,,960,0,0.0,0,0,8.0,0.676666667,0,120.0
3/4/2015,Quarter1,finishing,Wednesday,2,0.5,3.9,,960,0,0.0,0,0,8.0,0.5403125,1,120.0
1/28/2015,Quarter4,sweing,Wednesday,11,0.5,20.1,0.7583982803055739,5880,46,0.0,0,0,54.0,0.500567308,1,108.88888888888889
1/22/2015,Quarter4,finishing,Thursday,5,0.7,4.15,,9000,0,0.0,0,0,15.0,0.742901235,1,600.0
1/11/2015,Quarter2,finishing,Sunday,5,0.5,4.15,,1440,0,0.0,0,0,8.0,0.609138258,1,180.0
2/14/2015,Quarter2,sweing,Saturday,3,0.5,30.1,0.7563023019086407,6960,30,0.0,0,1,58.0,0.500801724,1,120.0
1/13/2015,Quarter2,finishing,Tuesday,4,0.35,4.3,,2160,0,0.0,0,0,12.0,0.952020202,1,180.0
2/16/2015,Quarter3,sweing,Monday,12,0.8,15.26,0.7533609344247051,3720,38,0.0,0,0,34.0,0.800312375,1,109.41176470588235
3/5/2015,Quarter1,sweing,Thursday,3,0.8,29.4,0.7473955905534918,1800,63,0.0,0,0,57.0,0.800534979,1,31.57894736842105
2/22/2015,Quarter4,sweing,Sunday,3,0.7,30.1,0.7526724163669074,8160,33,0.0,0,2,58.0,0.626577778,0,140.68965517241378
1/20/2015,Quarter3,finishing,Tuesday,5,0.7,4.15,,1440,0,0.0,0,0,8.0,1.033570076,1,180.0
2/11/2015,Quarter2,sweing,Wednesday,6,0.8,18.79,0.7433755464329799,3480,38,0.0,0,0,34.0,0.800947475,1,102.3529411764706
1/17/2015,Quarter3,sweing,Saturday,11,0.6,14.89,0.7524112089056533,10080,38,0.0,0,0,56.0,0.600273268,1,180.0
3/2/2015,Quarter1,sweing,Monday,8,0.75,29.4,0.7396407041911669,6840,45,0.0,0,0,57.0,0.750473684,1,120.0
1/26/2015,Quarter4,sweing,Monday,11,0.35,28.08,0.7461294902385328,10260,23,0.0,0,0,57.0,0.350066986,1,180.0
2/17/2015,Quarter3,finishing,Tuesday,4,0.75,5.13,,960,0,0.0,0,0,8.0,0.656666667,0,120.0
1/15/2015,Quarter3,sweing,Thursday,12,0.8,11.61,0.7556240064895178,4950,50,0.0,0,0,31.5,0.80003139,1,157.14285714285714
3/1/2015,Quarter1,sweing,Sunday,2,0.7,30.33,0.7213171057053214,1800,0,0.0,0,0,58.0,0.683550607,0,31.03448275862069
1/12/2015,Quarter2,sweing,Monday,8,0.8,25.9,0.7558836825772681,10170,60,0.0,0,0,56.5,0.850136766,1,180.0
1/10/2015,Quarter2,sweing,Saturday,6,0.8,11.41,0.749541382208419,5490,50,0.0,0,0,30.5,0.800343766,1,180.0
2/11/2015,Quarter2,sweing,Wednesday,11,0.35,11.41,0.7343109518280647,3240,0,0.0,0,1,52.0,0.507903226,1,62.30769230769231
1/24/2015,Quarter4,finishing,Saturday,12,0.7,4.08,,1620,0,0.0,0,0,9.0,0.858585859,1,180.0
2/10/2015,Quarter2,sweing,Tuesday,6,0.75,18.79,0.7428546682078501,2400,0,0.0,0,0,34.0,0.750797009,1,70.58823529411765
3/9/2015,Quarter2,finishing,Monday,12,0.8,4.6,,0,1080,0.0,0,0,9.0,0.902962963,1,0.0
2/2/2015,Quarter1,sweing,Monday,10,0.8,22.52,0.7986593028073392,6720,88,0.0,0,0,56.0,0.900129762,1,120.0
3/2/2015,Quarter1,finishing,Monday,10,0.7,2.9,,3360,0,0.0,0,0,8.0,0.632361111,0,420.0
3/3/2015,Quarter1,finishing,Tuesday,7,0.8,4.6,,4200,0,0.0,0,0,10.0,0.999533333,1,420.0
3/7/2015,Quarter1,sweing,Saturday,6,0.5,23.41,0.75795329565917,2280,0,0.0,0,1,39.0,0.500528095,1,58.46153846153846
1/12/2015,Quarter2,sweing,Monday,6,0.8,11.41,0.7485264241331235,5670,50,0.0,0,0,31.5,0.800181818,1,180.0
1/3/2015,Quarter1,sweing,Saturday,2,0.75,19.87,0.750770615473594,6600,45,0.0,0,0,55.0,0.75024303,1,120.0
2/15/2015,Quarter3,sweing,Sunday,8,0.7,30.1,0.7378119691207498,5880,40,2.0,10,1,59.0,0.700573099,1,99.66101694915254
1/29/2015,Quarter5,sweing,Thursday,1,0.75,22.94,0.7604034851341813,6960,81,0.0,0,0,58.0,0.850362069,1,120.0
3/11/2015,Quarter2,sweing,Wednesday,11,0.8,11.41,0.7399931467842062,3420,50,0.0,0,0,58.0,0.800034503,1,58.96551724137931
1/6/2015,Quarter1,finishing,Tuesday,2,0.8,3.94,,1440,0,0.0,0,0,8.0,0.805909091,1,180.0
2/23/2015,Quarter4,sweing,Monday,9,0.7,18.79,0.761089681533744,6000,40,0.0,0,1,50.0,0.60128,0,120.0
2/2/2015,Quarter1,sweing,Monday,3,0.8,22.52,0.798504668024122,6840,70,0.0,0,0,57.0,0.90014152,1,120.0
2/15/2015,Quarter3,sweing,Sunday,6,0.75,18.79,0.7478223579896242,4080,0,0.0,0,0,34.0,0.681598039,0,120.0
1/14/2015,Quarter2,finishing,Wednesday,1,0.8,3.94,,1440,0,0.0,0,0,8.0,0.891723485,1,180.0
1/1/2015,Quarter1,finishing,Thursday,10,0.65,3.94,,960,0,0.0,0,0,8.0,0.705916667,1,120.0
1/18/2015,Quarter3,finishing,Sunday,9,0.8,3.94,,1800,0,0.0,0,0,10.0,0.582045455,0,180.0
2/4/2015,Quarter1,sweing,Wednesday,3,0.8,22.52,0.7512620775085305,6840,113,0.0,0,0,57.0,1.000230409,1,120.0
1/22/2015,Quarter4,sweing,Thursday,7,0.6,22.52,0.7632808173169906,10260,23,0.0,0,0,57.0,0.60041361,1,180.0
1/10/2015,Quarter2,finishing,Saturday,7,0.8,2.9,,1440,0,0.0,0,0,8.0,0.670075758,0,180.0
2/18/2015,Quarter3,sweing,Wednesday,2,0.6,30.33,0.7491106209362561,6840,0,0.0,0,1,57.0,0.328131579,0,120.0
1/3/2015,Quarter1,finishing,Saturday,11,0.75,2.9,,5640,0,0.0,0,0,17.0,0.987880435,1,331.7647058823529
2/7/2015,Quarter1,finishing,Saturday,9,0.8,3.94,,960,0,0.0,0,0,8.0,0.771583333,0,120.0
3/10/2015,Quarter2,finishing,Tuesday,4,0.75,3.94,,960,0,0.0,0,0,8.0,0.881575,1,120.0
2/18/2015,Quarter3,sweing,Wednesday,6,0.75,18.79,0.7464010994606223,3960,34,0.0,0,0,33.0,0.75065101,1,120.0
2/2/2015,Quarter1,finishing,Monday,9,0.75,3.94,,960,0,0.0,0,0,8.0,0.994270833,1,120.0
3/10/2015,Quarter2,sweing,Tuesday,2,0.7,16.1,0.7510386407229401,5400,40,0.0,0,1,45.0,0.700051852,1,120.0
2/9/2015,Quarter2,sweing,Monday,5,0.7,30.1,0.7467742625387322,7020,40,0.0,0,0,58.0,0.700618234,1,121.03448275862068
2/26/2015,Quarter4,sweing,Thursday,4,0.8,30.1,0.7344684851778553,7080,32,0.0,0,2,59.0,0.495617514,0,120.0
1/11/2015,Quarter2,finishing,Sunday,6,0.8,2.9,,1440,0,0.0,0,0,8.0,0.597348485,0,180.0
2/28/2015,Quarter4,sweing,Saturday,2,0.7,30.33,0.7380292261057804,4560,0,0.0,0,1,58.0,0.700211111,1,78.62068965517241
2/10/2015,Quarter2,sweing,Tuesday,9,0.8,29.12,0.7563317826486343,2160,38,0.0,0,0,58.0,0.8008,1,37.241379310344826
1/29/2015,Quarter5,sweing,Thursday,5,0.65,20.79,0.752183935205434,7080,81,0.0,0,0,59.0,0.800473729,1,120.0
3/5/2015,Quarter1,sweing,Thursday,10,0.7,21.82,0.7580986625402465,6000,30,0.0,0,0,50.0,0.700422,1,120.0
1/27/2015,Quarter4,finishing,Tuesday,6,0.8,2.9,,960,0,0.0,0,0,8.0,0.6225,0,120.0
2/19/2015,Quarter3,finishing,Thursday,4,0.75,5.13,,1920,0,0.0,0,0,8.0,0.684027778,0,240.0
2/12/2015,Quarter2,sweing,Thursday,10,0.8,22.52,0.5871908758202614,6000,0,0.0,0,0,50.0,0.441392,0,120.0
1/14/2015,Quarter2,finishing,Wednesday,8,0.8,2.9,,1440,0,0.0,0,0,8.0,0.667329545,0,180.0
1/3/2015,Quarter1,finishing,Saturday,9,0.8,4.15,,960,0,0.0,0,0,8.0,0.956270833,1,120.0
1/27/2015,Quarter4,finishing,Tuesday,4,0.8,4.3,,1440,0,0.0,0,0,12.0,0.940625,1,120.0
1/15/2015,Quarter3,sweing,Thursday,11,0.5,14.89,0.7501996703624355,9900,30,0.0,0,0,55.0,0.500025069,1,180.0
2/26/2015,Quarter4,finishing,Thursday,12,0.8,4.6,,3780,0,0.0,0,0,9.0,0.590617284,0,420.0
1/22/2015,Quarter4,finishing,Thursday,6,0.8,2.9,,4800,0,0.0,0,0,8.0,0.626822917,0,600.0
2/17/2015,Quarter3,finishing,Tuesday,7,0.7,5.13,,1200,0,0.0,0,0,10.0,0.91375,1,120.0
1/20/2015,Quarter3,sweing,Tuesday,3,0.7,22.52,0.7543082087905746,8460,50,0.0,0,0,57.0,0.750037968,1,148.42105263157896
2/15/2015,Quarter3,finishing,Sunday,12,0.8,4.08,,1080,0,0.0,0,0,9.0,0.876444444,1,120.0
1/8/2015,Quarter2,sweing,Thursday,1,0.8,26.16,0.7552026387860848,10620,75,0.0,0,0,59.0,0.850502311,1,180.0
2/22/2015,Quarter4,finishing,Sunday,9,0.8,3.94,,2400,0,0.0,0,0,10.0,0.753525,0,240.0
3/8/2015,Quarter2,sweing,Sunday,8,0.6,30.48,0.7491335711152093,6720,0,0.0,0,1,56.0,0.600528571,1,120.0
1/6/2015,Quarter1,finishing,Tuesday,9,0.8,3.94,,1440,0,0.0,0,0,8.0,0.858143939,1,180.0
1/19/2015,Quarter3,finishing,Monday,8,0.8,2.9,,1440,0,0.0,0,0,8.0,0.683806818,0,180.0
1/27/2015,Quarter4,finishing,Tuesday,7,0.5,4.15,,960,0,0.0,0,0,8.0,0.803541667,1,120.0
1/7/2015,Quarter1,sweing,Wednesday,5,0.7,21.98,0.7331700007411454,9720,40,0.0,0,0,58.0,0.700480831,1,167.58620689655172
3/3/2015,Quarter1,finishing,Tuesday,5,0.7,4.6,,3360,0,0.0,0,0,8.0,0.354444444,0,420.0
3/7/2015,Quarter1,finishing,Saturday,6,0.5,2.9,,960,0,0.0,0,0,8.0,0.7975,1,120.0
3/9/2015,Quarter2,finishing,Monday,5,0.6,3.94,,0,2880,0.0,0,0,12.0,0.864342593,1,0.0
2/19/2015,Quarter3,sweing,Thursday,7,0.75,30.1,0.7348310330454129,0,0,5.0,20,1,59.0,0.611140537,0,0.0
3/8/2015,Quarter2,finishing,Sunday,10,0.7,2.9,,960,0,0.0,0,0,8.0,0.441041667,0,120.0
